TIME OF FLIP,STARTED,LANDED
22/04/18 21:56:21,h,h
22/04/18 21:56:34,h,t
22/04/18 21:56:37,h,h
22/04/18 21:56:39,h,h
22/04/18 21:56:42,h,t
22/04/18 21:56:44,h,t
22/04/18 21:56:47,h,h
22/04/18 21:56:49,h,h
22/04/18 21:56:53,h,h
22/04/18 21:56:55,h,h
22/04/18 21:56:58,h,h
22/04/18 21:57:01,h,h
22/04/18 21:57:05,h,t
22/04/18 21:57:08,h,h
22/04/18 21:57:11,h,t
22/04/18 21:57:14,h,h
22/04/18 21:57:27,h,h
22/04/18 21:57:31,h,h
22/04/18 21:57:34,h,h
22/04/18 21:57:41,h,h
22/04/18 21:57:48,h,t
22/04/18 21:57:52,h,h
22/04/18 21:57:55,h,h
22/04/18 21:57:58,h,h
22/04/18 21:58:01,h,t
22/04/18 21:58:05,h,t
22/04/18 21:58:10,h,t
22/04/18 21:58:14,h,t
22/04/18 21:58:19,h,h
22/04/18 21:58:24,h,h
22/04/18 21:58:27,h,h
22/04/18 21:58:30,h,h
22/04/18 21:58:36,h,t
22/04/18 21:58:39,h,h
22/04/18 21:58:42,h,h
22/04/18 21:58:46,h,t
22/04/18 21:58:52,h,t
22/04/18 21:59:19,h,t
22/04/18 21:59:23,h,t
22/04/18 21:59:26,h,h
22/04/18 21:59:29,h,t
22/04/18 21:59:33,h,h
22/04/18 21:59:36,h,h
22/04/18 21:59:38,h,h
22/04/18 21:59:42,h,h
22/04/18 21:59:46,h,t
22/04/18 21:59:49,h,h
22/04/18 21:59:51,h,h
22/04/18 21:59:54,h,t
22/04/18 21:59:57,h,h
22/04/18 22:00:00,h,t
22/04/18 22:00:05,h,t
22/04/18 22:01:10,h,t
22/04/18 22:01:12,h,t
22/04/18 22:01:16,h,h
22/04/18 22:01:19,h,h
22/04/18 22:01:22,h,h
22/04/18 22:01:24,h,t
22/04/18 22:01:27,h,h
22/04/18 22:01:30,h,h
22/04/18 22:01:33,h,t
22/04/18 22:01:37,h,t
22/04/18 22:01:39,h,h
22/04/18 22:01:42,h,t
22/04/18 22:01:45,h,t
22/04/18 22:01:47,h,t
22/04/18 22:01:50,h,t
22/04/18 22:01:53,h,h
22/04/18 22:01:56,h,t
22/04/18 22:02:00,h,h
22/04/18 22:02:03,h,h
22/04/18 22:02:06,h,t
22/04/18 22:02:09,h,h
22/04/18 22:02:12,h,h
22/04/18 22:02:14,h,h
22/04/18 22:02:17,h,h
22/04/18 22:02:19,h,h
22/04/18 22:02:22,h,h
22/04/18 22:02:28,h,h
22/04/18 22:02:31,h,h
22/04/18 22:02:33,h,t
22/04/18 22:02:37,h,t
22/04/18 22:02:42,h,t
22/04/18 22:02:46,h,h
22/04/18 22:02:48,h,h
22/04/18 22:02:51,h,h
22/04/18 22:02:54,h,t
22/04/18 22:02:56,h,t
22/04/18 22:02:59,h,h
22/04/18 22:03:05,h,h
22/04/18 22:03:08,h,t
22/04/18 22:03:11,h,t
22/04/18 22:03:15,h,h
22/04/18 22:03:17,h,t
22/04/18 22:03:23,h,t
22/04/18 22:03:29,h,t
22/04/18 22:03:32,h,h
22/04/18 22:03:35,h,t
22/04/18 22:03:38,h,h
22/04/18 22:03:40,h,t
22/04/18 22:03:43,h,h
22/04/18 22:03:46,h,t
22/04/18 22:03:49,h,t
22/04/18 22:03:54,h,h
22/04/18 22:03:59,h,h
22/04/18 22:04:02,h,t
22/04/18 22:04:05,h,t
22/04/18 22:04:08,h,t
22/04/18 22:04:12,h,t
22/04/18 22:04:15,h,t
22/04/18 22:04:17,h,h
22/04/18 22:04:21,h,h
22/04/18 22:04:23,h,t
22/04/18 22:04:26,h,t
22/04/18 22:04:29,h,h
22/04/18 22:04:36,h,t
22/04/18 22:04:39,h,t
22/04/18 22:04:42,h,h
22/04/18 22:04:45,h,t
22/04/18 22:04:49,h,h
22/04/18 22:04:51,h,h
22/04/18 22:04:54,h,t
22/04/18 22:04:58,h,h
22/04/18 22:05:01,h,t
22/04/18 22:05:04,h,t
22/04/18 22:05:08,h,h
22/04/18 22:05:12,h,t
22/04/18 22:05:16,h,h
22/04/18 22:05:21,h,t
22/04/18 22:05:24,h,h
22/04/18 22:05:27,h,t
22/04/18 22:05:32,h,h
22/04/18 22:05:35,h,t
22/04/18 22:05:37,h,t
22/04/18 22:05:41,h,h
22/04/18 22:05:43,h,h
22/04/18 22:05:46,h,t
22/04/18 22:05:53,h,h
22/04/18 22:05:56,h,t
22/04/18 22:05:58,h,t
22/04/18 22:06:02,h,h
22/04/18 22:06:09,h,h
22/04/18 22:06:11,h,h
22/04/18 22:06:13,h,t
22/04/18 22:06:17,h,h
22/04/18 22:06:23,h,t
22/04/18 22:06:25,h,t
22/04/18 22:06:29,h,t
22/04/18 22:06:32,h,h
22/04/18 22:06:36,h,t
22/04/18 22:06:39,h,t
22/04/18 22:06:42,h,h
22/04/18 22:06:45,h,h
22/04/18 22:06:47,h,h
22/04/18 22:06:51,h,t
22/04/18 22:06:54,h,t
22/04/18 22:07:03,h,t
22/04/18 22:07:09,h,t
22/04/18 22:07:13,h,t
22/04/18 22:07:16,h,h
22/04/18 22:07:19,h,t
22/04/18 22:07:22,h,t
22/04/18 22:07:25,h,h
22/04/18 22:07:28,h,h
22/04/18 22:07:31,h,t
22/04/18 22:07:38,h,t
22/04/18 22:07:41,h,t
22/04/18 22:07:44,h,h
22/04/18 22:07:49,h,t
22/04/18 22:07:51,h,h
22/04/18 22:07:54,h,t
22/04/18 22:07:56,h,h
22/04/18 22:08:02,h,h
22/04/18 22:08:06,h,t
22/04/18 22:08:08,h,h
22/04/18 22:08:11,h,h
22/04/18 22:08:13,h,t
22/04/18 22:08:17,h,t
22/04/18 22:08:21,h,t
22/04/18 22:08:24,h,t
22/04/18 22:08:27,h,h
22/04/18 22:08:30,h,h
22/04/18 22:08:33,h,h
22/04/18 22:08:39,h,h
22/04/18 22:08:42,h,t
22/04/18 22:08:46,h,h
22/04/18 22:08:49,h,h
22/04/18 22:08:52,h,t
22/04/18 22:08:54,h,h
22/04/18 22:08:59,h,t
22/04/18 22:09:02,h,t
22/04/18 22:09:06,h,h
22/04/18 22:09:08,h,h
22/04/18 22:09:11,h,h
22/04/18 22:09:15,h,t
22/04/18 22:09:18,h,t
22/04/18 22:09:20,h,h
22/04/18 22:09:23,h,t
22/04/18 22:09:27,h,t
22/04/18 22:09:33,h,h
22/04/18 22:09:35,h,t
22/04/18 22:09:39,h,h
22/04/18 22:09:42,h,t
22/04/18 22:09:47,h,h
22/04/18 22:09:49,h,t
22/04/18 22:09:52,h,t
22/04/18 22:09:55,h,h
22/04/18 22:09:57,h,t
22/04/18 22:10:00,h,t
22/04/18 22:10:03,h,t
22/04/18 22:10:06,h,h
22/04/18 22:10:09,h,h
22/04/18 22:10:13,h,h
22/04/18 22:10:17,h,h
22/04/18 22:10:20,h,t
22/04/18 22:10:23,h,t
22/04/18 22:10:27,h,t
22/04/18 22:10:31,h,h
22/04/18 22:10:33,h,h
22/04/18 22:10:36,h,t
22/04/18 22:10:43,h,h
22/04/18 22:10:47,h,t
22/04/18 22:10:50,h,t
22/04/18 22:10:53,h,h
22/04/18 22:10:59,h,t
22/04/18 22:11:01,h,t
22/04/18 22:11:05,h,h
22/04/18 22:11:09,h,h
22/04/18 22:11:12,h,h
22/04/18 22:11:14,h,h
22/04/18 22:11:17,h,t
22/04/18 22:11:22,h,t
22/04/18 22:11:25,h,h
22/04/18 22:11:28,h,h
22/04/18 22:11:32,h,h
22/04/18 22:11:34,h,t
22/04/18 22:11:39,h,h
22/04/18 22:11:42,h,h
22/04/18 22:11:45,h,t
22/04/18 22:11:48,h,h
22/04/18 22:11:52,h,t
22/04/18 22:11:56,h,h
22/04/18 22:11:59,h,t
22/04/18 22:12:03,h,t
22/04/18 22:12:05,h,h
22/04/18 22:12:08,h,t
22/04/18 22:12:14,h,h
22/04/18 22:12:16,h,h
22/04/18 22:12:19,h,t
22/04/18 22:12:25,h,h
22/04/18 22:12:29,h,t
22/04/18 22:12:33,h,h
22/04/18 22:12:35,h,h
22/04/18 22:12:40,h,h
22/04/18 22:12:42,h,h
22/04/18 22:12:45,h,h
22/04/18 22:12:59,h,h
22/04/18 22:13:02,h,h
22/04/18 22:13:04,h,t
22/04/18 22:13:07,h,h
22/04/18 22:13:10,h,h
22/04/18 22:13:13,h,h
22/04/18 22:13:15,h,t
22/04/18 22:13:19,h,h
22/04/18 22:13:21,h,t
22/04/18 22:13:24,h,h
22/04/18 22:13:28,h,t
22/04/18 22:13:34,h,h
22/04/18 22:13:36,h,h
22/04/18 22:13:40,h,t
22/04/18 22:13:47,h,t
22/04/18 22:13:50,h,t
22/04/18 22:13:55,h,h
22/04/18 22:14:00,h,t
22/04/18 22:14:03,h,t
22/04/18 22:14:05,h,h
22/04/18 22:14:08,h,t
22/04/18 22:14:16,h,t
22/04/18 22:14:20,h,t
22/04/18 22:14:23,h,h
22/04/18 22:14:26,h,t
22/04/18 22:14:28,h,h
22/04/18 22:14:31,h,h
22/04/18 22:14:34,h,t
22/04/18 22:14:38,h,t
22/04/18 22:14:40,h,h
22/04/18 22:14:44,h,h
22/04/18 22:14:48,h,h
22/04/18 22:14:50,h,h
22/04/18 22:14:53,h,t
22/04/18 22:14:56,h,h
22/04/18 22:15:02,h,t
22/04/18 22:15:06,h,t
22/04/18 22:15:08,h,h
22/04/18 22:15:12,h,h
22/04/18 22:15:14,h,t
22/04/18 22:15:18,h,h
22/04/18 22:15:20,h,t
22/04/18 22:15:24,h,t
22/04/18 22:15:29,h,h
22/04/18 22:15:32,h,h
22/04/18 22:15:35,h,h
22/04/18 22:15:37,h,t
22/04/18 22:15:40,h,h
22/04/18 22:15:43,h,t
22/04/18 22:15:47,h,t
22/04/18 22:15:51,h,h
22/04/18 22:15:54,h,t
22/04/18 22:15:57,h,t
22/04/18 22:16:02,h,h
22/04/18 22:16:05,h,t
22/04/18 22:16:07,h,h
22/04/18 22:16:10,h,h
22/04/18 22:16:14,h,h
22/04/18 22:16:16,h,t
22/04/18 22:16:19,h,t
22/04/18 22:16:22,h,t
22/04/18 22:16:28,h,t
22/04/18 22:16:32,h,h
22/04/18 22:16:36,h,h
22/04/18 22:16:39,h,h
22/04/18 22:16:41,h,h
22/04/18 22:16:44,h,t
22/04/18 22:16:50,h,h
22/04/18 22:16:53,h,t
22/04/18 22:16:56,h,t
22/04/18 22:17:01,h,h
22/04/18 22:17:03,h,t
22/04/18 22:17:07,h,t
22/04/18 22:17:10,h,t
22/04/18 22:17:13,h,t
22/04/18 22:17:15,h,t
22/04/18 22:17:18,h,h
22/04/18 22:17:21,h,h
22/04/18 22:17:24,h,h
22/04/18 22:17:27,h,t
22/04/18 22:17:29,h,h
22/04/18 22:17:33,h,h
22/04/18 22:17:36,h,t
22/04/18 22:17:39,h,t
22/04/18 22:17:43,h,t
22/04/18 22:17:48,h,h
22/04/18 22:17:51,h,t
22/04/18 22:17:55,h,t
22/04/18 22:17:58,h,h
22/04/18 22:18:01,h,h
22/04/18 22:18:04,h,h
22/04/18 22:18:10,h,t
22/04/18 22:18:13,h,t
22/04/18 22:18:16,h,t
22/04/18 22:18:18,h,t
22/04/18 22:18:26,h,t
22/04/18 22:18:30,h,t
22/04/18 22:18:32,h,h
22/04/18 22:18:35,h,h
22/04/18 22:18:38,h,h
22/04/18 22:18:40,h,h
22/04/18 22:18:42,h,h
22/04/18 22:18:45,h,h
22/04/18 22:18:49,h,h
22/04/18 22:18:52,h,t
22/04/18 22:18:57,h,t
22/04/18 22:19:01,h,h
22/04/18 22:19:13,h,t
22/04/18 22:19:17,h,h
22/04/18 22:19:21,h,t
22/04/18 22:19:24,h,t
22/04/18 22:19:27,h,h
22/04/18 22:19:30,h,t
22/04/18 22:19:33,h,t
22/04/18 22:19:36,h,h
22/04/18 22:19:38,h,h
22/04/18 22:19:41,h,h
22/04/18 22:19:44,h,h
22/04/18 22:19:46,h,t
22/04/18 22:19:50,h,t
22/04/18 22:19:54,h,t
22/04/18 22:19:57,h,h
22/04/18 22:19:59,h,t
22/04/18 22:21:19,h,h
22/04/18 22:21:22,h,h
22/04/18 22:21:24,h,t
22/04/18 22:21:29,h,h
22/04/18 22:21:35,h,h
22/04/18 22:21:38,h,h
22/04/18 22:21:41,h,t
22/04/18 22:21:44,h,h
22/04/18 22:21:47,h,t
22/04/18 22:21:53,h,t
22/04/18 22:22:00,h,t
22/04/18 22:22:05,h,t
22/04/18 22:22:10,h,h
22/04/18 22:22:15,h,t
22/04/18 22:22:18,h,h
22/04/18 22:22:21,h,t
22/04/18 22:22:29,h,h
22/04/18 22:22:32,h,h
22/04/18 22:22:34,h,h
22/04/18 22:22:39,h,h
22/04/18 22:22:42,h,t
22/04/18 22:22:45,h,t
22/04/18 22:22:47,h,h
22/04/18 22:22:50,h,t
22/04/18 22:22:53,h,t
22/04/18 22:22:59,h,h
22/04/18 22:23:02,h,t
22/04/18 22:23:04,h,t
22/04/18 22:23:08,h,t
22/04/18 22:23:10,h,h
22/04/18 22:23:13,h,t
22/04/18 22:23:17,h,h
22/04/18 22:23:19,h,h
22/04/18 22:23:22,h,t
22/04/18 22:23:26,h,h
22/04/18 22:23:28,h,t
22/04/18 22:23:32,h,h
22/04/18 22:23:37,h,t
22/04/18 22:23:40,h,t
22/04/18 22:23:44,h,t
22/04/18 22:23:47,h,t
22/04/18 22:23:49,h,h
22/04/18 22:23:52,h,t
22/04/18 22:23:55,h,h
22/04/18 22:23:57,h,t
22/04/18 22:24:00,h,h
22/04/18 22:24:02,h,t
22/04/18 22:24:05,h,h
22/04/18 22:24:08,h,t
22/04/18 22:24:11,h,t
22/04/18 22:24:14,h,h
22/04/18 22:24:17,h,h
22/04/18 22:24:20,h,h
22/04/18 22:24:23,h,t
22/04/18 22:24:25,h,h
22/04/18 22:24:31,h,h
22/04/18 22:24:35,h,t
22/04/18 22:24:37,h,h
22/04/18 22:24:40,h,h
22/04/18 22:24:45,h,h
22/04/18 22:24:48,h,h
22/04/18 22:24:51,h,t
22/04/18 22:24:59,h,t
22/04/18 22:25:03,h,t
22/04/18 22:25:06,h,t
22/04/18 22:25:09,h,h
22/04/18 22:25:12,h,h
22/04/18 22:25:14,h,h
22/04/18 22:25:17,h,t
22/04/18 22:25:20,h,t
22/04/18 22:25:23,h,t
22/04/18 22:25:26,h,h
22/04/18 22:25:28,h,h
22/04/18 22:25:32,h,h
22/04/18 22:25:35,h,t
22/04/18 22:25:40,h,h
22/04/18 22:25:43,h,t
22/04/18 22:25:46,h,h
22/04/18 22:25:49,h,h
22/04/18 22:25:52,h,h
22/04/18 22:25:55,h,h
22/04/18 22:25:58,h,t
22/04/18 22:26:00,h,h
22/04/18 22:26:04,h,t
22/04/18 22:26:07,h,h
22/04/18 22:26:10,h,t
22/04/18 22:26:13,h,t
22/04/18 22:26:16,h,t
22/04/18 22:26:19,h,t
22/04/18 22:26:22,h,t
22/04/18 22:26:24,h,t
22/04/18 22:26:27,h,h
22/04/18 22:26:32,h,h
22/04/18 22:26:37,h,h
22/04/18 22:26:44,h,h
22/04/18 22:26:50,h,t
22/04/18 22:26:53,h,h
22/04/18 22:26:56,h,t
22/04/18 22:26:59,h,t
22/04/18 22:27:02,h,h
22/04/18 22:27:05,h,t
22/04/18 22:27:07,h,h
22/04/18 22:27:10,h,t
22/04/18 22:27:13,h,h
22/04/18 22:27:19,h,t
22/04/18 22:27:22,h,h
22/04/18 22:27:24,h,t
22/04/18 22:27:27,h,t
22/04/18 22:27:31,h,h
22/04/18 22:27:34,h,t
22/04/18 22:27:37,h,h
22/04/18 22:27:40,h,t
22/04/18 22:27:43,h,t
22/04/18 22:27:46,h,t
22/04/18 22:27:50,h,t
22/04/18 22:27:54,h,t
22/04/18 22:27:57,h,t
22/04/18 22:28:00,h,h
22/04/18 22:28:03,h,h
22/04/18 22:28:05,h,t
22/04/18 22:28:08,h,h
22/04/18 22:28:14,h,t
22/04/18 22:28:17,h,h
22/04/18 22:28:20,h,h
22/04/18 22:28:23,h,t
22/04/18 22:28:25,h,h
22/04/18 22:30:00,t,h
22/04/18 22:30:02,t,h
22/04/18 22:30:07,t,h
22/04/18 22:30:11,t,h
22/04/18 22:30:14,t,h
22/04/18 22:30:23,t,h
22/04/18 22:30:27,t,t
22/04/18 22:30:30,t,t
22/04/18 22:30:32,t,h
22/04/18 22:30:36,t,h
22/04/18 22:30:40,t,t
22/04/18 22:30:45,t,t
22/04/18 22:30:48,t,t
22/04/18 22:30:51,t,t
22/04/18 22:30:54,t,t
22/04/18 22:30:58,t,t
22/04/18 22:31:00,t,t
22/04/18 22:31:03,t,t
22/04/18 22:31:07,t,t
22/04/18 22:31:09,t,h
22/04/18 22:31:15,t,t
22/04/18 22:31:18,t,h
22/04/18 22:31:21,t,t
22/04/18 22:31:24,t,h
22/04/18 22:31:27,t,t
22/04/18 22:31:30,t,h
22/04/18 22:31:37,t,t
22/04/18 22:31:42,t,t
22/04/18 22:31:45,t,h
22/04/18 22:31:49,t,t
22/04/18 22:31:52,t,h
22/04/18 22:31:56,t,h
22/04/18 22:31:59,t,h
22/04/18 22:32:03,t,h
22/04/18 22:32:09,t,t
22/04/18 22:32:14,t,h
22/04/18 22:32:17,t,t
22/04/18 22:32:21,t,t
22/04/18 22:32:24,t,t
22/04/18 22:32:28,t,t
22/04/18 22:32:31,t,t
22/04/18 22:32:33,t,t
22/04/18 22:32:38,t,t
22/04/18 22:32:40,t,h
22/04/18 22:32:43,t,t
22/04/18 22:32:47,t,h
22/04/18 22:32:54,t,h
22/04/18 22:32:58,t,h
22/04/18 22:33:01,t,t
22/04/18 22:33:06,t,h
22/04/18 22:33:10,t,t
22/04/18 22:33:13,t,t
22/04/18 22:33:15,t,h
22/04/18 22:33:19,t,t
22/04/18 22:33:21,t,h
22/04/18 22:33:25,t,t
22/04/18 22:33:29,t,h
22/04/18 22:33:33,t,t
22/04/18 22:33:36,t,t
22/04/18 22:33:39,t,h
22/04/18 22:33:42,t,t
22/04/18 22:33:45,t,h
22/04/18 22:33:50,t,h
22/04/18 22:33:55,t,h
22/04/18 22:33:59,t,t
22/04/18 22:34:03,t,h
22/04/18 22:34:08,t,h
22/04/18 22:34:15,t,h
22/04/18 22:34:18,t,t
22/04/18 22:34:22,t,t
22/04/18 22:34:25,t,t
22/04/18 22:34:29,t,t
22/04/18 22:34:32,t,h
22/04/18 22:34:36,t,t
22/04/18 22:34:39,t,h
22/04/18 22:34:43,t,h
22/04/18 22:34:46,t,h
22/04/18 22:34:49,t,t
22/04/18 22:34:52,t,t
22/04/18 22:34:55,t,h
22/04/18 22:34:59,t,t
22/04/18 22:35:02,t,t
22/04/18 22:35:04,t,t
22/04/18 22:35:07,t,h
22/04/18 22:35:13,t,t
22/04/18 22:35:15,t,h
22/04/18 22:35:18,t,t
22/04/18 22:35:21,t,t
22/04/18 22:35:24,t,h
22/04/18 22:35:26,t,t
22/04/18 22:35:32,t,h
22/04/18 22:35:35,t,t
22/04/18 22:35:39,t,h
22/04/18 22:35:43,t,h
22/04/18 22:35:46,t,t
22/04/18 22:35:49,t,t
22/04/18 22:35:52,t,h
22/04/18 22:35:56,t,h
22/04/18 22:35:59,t,t
22/04/18 22:36:03,t,h
22/04/18 22:36:10,t,t
22/04/18 22:36:12,t,t
22/04/18 22:36:14,t,t
22/04/18 22:36:21,t,t
22/04/18 22:36:24,t,h
22/04/18 22:36:27,t,h
22/04/18 22:36:35,t,t
22/04/18 22:36:39,t,t
22/04/18 22:36:42,t,t
22/04/18 22:36:44,t,h
22/04/18 22:36:50,t,t
22/04/18 22:36:53,t,t
22/04/18 22:36:56,t,h
22/04/18 22:36:59,t,t
22/04/18 22:37:02,t,h
22/04/18 22:37:05,t,h
22/04/18 22:37:13,t,t
22/04/18 22:37:18,t,t
22/04/18 22:37:24,t,h
22/04/18 22:37:28,t,h
22/04/18 22:37:33,t,t
22/04/18 22:37:37,t,t
22/04/18 22:37:43,t,t
22/04/18 22:37:46,t,h
22/04/18 22:37:49,t,t
22/04/18 22:37:52,t,h
22/04/18 22:37:55,t,t
22/04/18 22:37:58,t,t
22/04/18 22:38:01,t,t
22/04/18 22:38:04,t,h
22/04/18 22:38:09,t,t
22/04/18 22:38:13,t,t
22/04/18 22:38:15,t,h
22/04/18 22:38:19,t,h
22/04/18 22:38:22,t,t
22/04/18 22:38:26,t,t
22/04/18 22:38:29,t,t
22/04/18 22:38:32,t,t
22/04/18 22:38:36,t,t
22/04/18 22:38:38,t,t
22/04/18 22:38:41,t,t
22/04/18 22:38:44,t,t
22/04/18 22:38:48,t,t
22/04/18 22:38:51,t,h
22/04/18 22:38:55,t,h
22/04/18 22:38:57,t,h
22/04/18 22:39:01,t,t
22/04/18 22:39:04,t,h
22/04/18 22:39:08,t,h
22/04/18 22:39:13,t,t
22/04/18 22:39:17,t,t
22/04/18 22:39:22,t,h
22/04/18 22:39:25,t,t
22/04/18 22:39:28,t,h
22/04/18 22:39:31,t,t
22/04/18 22:39:34,t,h
22/04/18 22:39:37,t,t
22/04/18 22:39:43,t,t
22/04/18 22:39:48,t,h
22/04/18 22:39:52,t,t
22/04/18 22:40:01,t,h
22/04/18 22:40:10,t,t
22/04/18 22:40:14,t,h
22/04/18 22:40:18,t,t
22/04/18 22:40:21,t,h
22/04/18 22:40:25,t,h
22/04/18 22:40:29,t,h
22/04/18 22:40:32,t,t
22/04/18 22:40:38,t,t
22/04/18 22:40:41,t,t
22/04/18 22:40:44,t,h
22/04/18 22:40:47,t,t
22/04/18 22:40:50,t,h
22/04/18 22:40:52,t,h
22/04/18 22:40:55,t,t
22/04/18 22:40:58,t,t
22/04/18 22:41:01,t,t
22/04/18 22:41:04,t,t
22/04/18 22:41:06,t,h
22/04/18 22:41:09,t,h
22/04/18 22:41:13,t,t
22/04/18 22:41:15,t,t
22/04/18 22:41:17,t,t
22/04/18 22:41:20,t,h
22/04/18 22:41:26,t,t
22/04/18 22:41:30,t,h
22/04/18 22:41:34,t,h
22/04/18 22:41:36,t,h
22/04/18 22:41:39,t,t
22/04/18 22:41:42,t,t
22/04/18 22:41:45,t,t
22/04/18 22:41:48,t,h
22/04/18 22:41:53,t,h
22/04/18 22:42:01,t,h
22/04/18 22:42:05,t,h
22/04/18 22:42:08,t,t
22/04/18 22:42:13,t,t
22/04/18 22:42:15,t,t
22/04/18 22:42:18,t,h
22/04/18 22:42:22,t,h
22/04/18 22:42:29,t,h
22/04/18 22:42:37,t,t
22/04/18 22:42:40,t,t
22/04/18 22:42:43,t,h
22/04/18 22:42:46,t,h
22/04/18 22:42:52,t,t
22/04/18 22:42:58,t,t
22/04/18 22:43:01,t,h
22/04/18 22:43:05,t,t
22/04/18 22:43:07,t,t
22/04/18 22:43:09,t,h
22/04/18 22:43:14,t,t
22/04/18 22:43:17,t,t
22/04/18 22:43:20,t,t
22/04/18 22:43:26,t,t
22/04/18 22:43:30,t,h
22/04/18 22:43:34,t,t
22/04/18 22:43:37,t,h
22/04/18 22:43:40,t,h
22/04/18 22:43:43,t,t
22/04/18 22:43:51,t,h
22/04/18 22:43:54,t,t
22/04/18 22:43:57,t,t
22/04/18 22:43:58,t,h
22/04/18 22:44:02,t,t
22/04/18 22:44:05,t,t
22/04/18 22:44:09,t,h
22/04/18 22:44:14,t,t
22/04/18 22:44:17,t,t
22/04/18 22:44:20,t,t
22/04/18 22:44:23,t,h
22/04/18 22:44:26,t,h
22/04/18 22:44:29,t,t
22/04/18 22:44:32,t,t
22/04/18 22:44:34,t,h
22/04/18 22:44:38,t,h
22/04/18 22:44:42,t,t
22/04/18 22:44:44,t,h
22/04/18 22:44:47,t,h
22/04/18 22:44:51,t,h
22/04/18 22:44:55,t,h
22/04/18 22:44:58,t,h
22/04/18 22:45:01,t,h
22/04/18 22:45:05,t,t
22/04/18 22:45:08,t,t
22/04/18 22:45:14,t,t
22/04/18 22:45:18,t,t
22/04/18 22:45:23,t,t
22/04/18 22:45:26,t,t
22/04/18 22:45:28,t,t
22/04/18 22:45:32,t,t
22/04/18 22:45:35,t,t
22/04/18 22:45:37,t,t
22/04/18 22:45:40,t,t
22/04/18 22:45:43,t,h
22/04/18 22:45:46,t,t
22/04/18 22:45:52,t,h
22/04/18 22:45:55,t,t
22/04/18 22:45:58,t,h
22/04/18 22:46:01,t,h
22/04/18 22:46:03,t,h
22/04/18 22:46:09,t,h
22/04/18 22:46:13,t,t
22/04/18 22:46:16,t,h
22/04/18 22:46:19,t,t
22/04/18 22:46:22,t,h
22/04/18 22:46:28,t,t
22/04/18 22:46:33,t,h
22/04/18 22:46:38,t,t
22/04/18 22:46:40,t,t
22/04/18 22:46:43,t,t
22/04/18 22:46:46,t,t
22/04/18 22:46:50,t,t
22/04/18 22:46:53,t,h
22/04/18 22:46:56,t,t
22/04/18 22:46:59,t,t
22/04/18 22:47:02,t,h
22/04/18 22:47:06,t,t
22/04/18 22:47:08,t,h
22/04/18 22:47:12,t,h
22/04/18 22:47:17,t,h
22/04/18 22:47:21,t,h
22/04/18 22:47:26,t,t
22/04/18 22:47:34,t,h
22/04/18 22:47:38,t,t
22/04/18 22:47:41,t,h
22/04/18 22:47:44,t,h
22/04/18 22:47:47,t,h
22/04/18 22:47:50,t,h
22/04/18 22:48:01,t,h
22/04/18 22:48:06,t,h
22/04/18 22:48:09,t,t
22/04/18 22:48:12,t,t
22/04/18 22:48:15,t,t
22/04/18 22:48:17,t,h
22/04/18 22:48:21,t,t
22/04/18 22:48:24,t,t
22/04/18 22:48:26,t,h
22/04/18 22:48:29,t,h
22/04/18 22:48:33,t,t
22/04/18 22:48:36,t,t
22/04/18 22:48:39,t,t
22/04/18 22:48:42,t,t
22/04/18 22:48:45,t,h
22/04/18 22:48:48,t,h
22/04/18 22:48:52,t,t
22/04/18 22:48:54,t,t
22/04/18 22:48:57,t,t
22/04/18 22:49:02,t,h
22/04/18 22:49:06,t,t
22/04/18 22:49:15,t,h
22/04/18 22:49:22,t,t
22/04/18 22:49:27,t,t
22/04/18 22:49:29,t,h
22/04/18 22:49:32,t,h
22/04/18 22:49:41,t,t
22/04/18 22:49:44,t,h
22/04/18 22:49:46,t,t
22/04/18 22:49:49,t,t
22/04/18 22:49:52,t,h
22/04/18 22:49:55,t,h
22/04/18 22:49:58,t,h
22/04/18 22:50:01,t,t
22/04/18 22:50:04,t,h
22/04/18 22:50:10,t,h
22/04/18 22:50:13,t,t
22/04/18 22:50:15,t,h
22/04/18 22:50:19,t,h
22/04/18 22:50:22,t,h
22/04/18 22:50:26,t,h
22/04/18 22:50:30,t,h
22/04/18 22:50:32,t,h
22/04/18 22:50:36,t,h
22/04/18 22:50:39,t,h
22/04/18 22:50:48,t,t
22/04/18 22:50:52,t,t
22/04/18 22:50:54,t,t
22/04/18 22:50:58,t,h
22/04/18 22:51:02,t,t
22/04/18 22:51:04,t,t
22/04/18 22:51:07,t,t
22/04/18 22:51:09,t,t
22/04/18 22:51:12,t,h
22/04/18 22:51:15,t,h
22/04/18 22:56:17,t,h
22/04/18 22:56:21,t,t
22/04/18 22:56:22,t,t
22/04/18 22:56:25,t,h
22/04/18 22:56:28,t,h
22/04/18 22:56:35,t,h
22/04/18 22:56:40,t,t
22/04/18 22:56:43,t,t
22/04/18 22:56:49,t,t
22/04/18 22:56:52,t,h
22/04/18 22:56:56,t,h
22/04/18 22:57:00,t,t
22/04/18 22:57:08,t,t
22/04/18 22:57:10,t,t
22/04/18 22:57:13,t,t
22/04/18 22:57:16,t,h
22/04/18 22:57:19,t,h
22/04/18 22:57:22,t,t
22/04/18 22:57:25,t,h
22/04/18 22:57:28,t,t
22/04/18 22:57:33,t,t
22/04/18 22:57:35,t,h
22/04/18 22:57:38,t,t
22/04/18 22:57:40,t,t
22/04/18 22:57:43,t,t
22/04/18 22:57:50,t,h
22/04/18 22:57:53,t,t
22/04/18 22:57:55,t,h
22/04/18 22:57:58,t,h
22/04/18 22:58:02,t,t
22/04/18 22:58:05,t,t
22/04/18 22:58:07,t,h
22/04/18 22:58:12,t,h
22/04/18 22:58:18,t,t
22/04/18 22:58:23,t,t
22/04/18 22:58:26,t,h
22/04/18 22:58:30,t,t
22/04/18 22:58:34,t,h
22/04/18 22:58:41,t,t
22/04/18 22:58:50,t,h
22/04/18 22:58:53,t,t
22/04/18 22:58:57,t,t
22/04/18 22:58:59,t,t
22/04/18 22:59:03,t,t
22/04/18 22:59:05,t,t
22/04/18 22:59:08,t,t
22/04/18 22:59:10,t,t
22/04/18 22:59:13,t,t
22/04/18 22:59:16,t,h
22/04/18 22:59:19,t,h
22/04/18 22:59:23,t,t
22/04/18 22:59:31,t,h
22/04/18 22:59:40,t,t
22/04/18 22:59:47,t,t
22/04/18 22:59:53,t,t
22/04/18 22:59:56,t,h
22/04/18 22:59:59,t,h
22/04/18 23:00:02,t,t
22/04/18 23:00:05,t,h
22/04/18 23:00:12,t,t
22/04/18 23:00:15,t,t
22/04/18 23:00:18,t,t
22/04/18 23:00:20,t,h
22/04/18 23:00:23,t,t
22/04/18 23:00:25,t,h
22/04/18 23:00:30,t,h
22/04/18 23:00:36,t,h
22/04/18 23:00:40,t,h
22/04/18 23:00:44,t,t
22/04/18 23:00:47,t,t
22/04/18 23:00:54,t,t
22/04/18 23:00:57,t,t
22/04/18 23:00:59,t,t
22/04/18 23:01:01,t,h
22/04/18 23:01:08,t,h
22/04/18 23:01:11,t,t
22/04/18 23:01:14,t,t
22/04/18 23:01:23,t,h
22/04/18 23:01:41,t,t
22/04/18 23:01:43,t,h
22/04/18 23:01:47,t,h
22/04/18 23:01:51,t,h
22/04/18 23:01:54,t,t
22/04/18 23:01:57,t,t
22/04/18 23:02:00,t,t
22/04/18 23:02:02,t,h
22/04/18 23:02:07,t,h
22/04/18 23:02:12,t,h
22/04/18 23:02:46,t,e
22/04/18 23:06:02,t,t
22/04/18 23:06:06,t,t
22/04/18 23:06:09,t,t
22/04/18 23:06:13,t,h
22/04/18 23:06:16,t,t
22/04/18 23:06:19,t,h
22/04/18 23:06:22,t,t
22/04/18 23:06:26,t,t
22/04/18 23:06:32,t,h
22/04/18 23:06:35,t,h
22/04/18 23:06:40,t,t
22/04/18 23:06:43,t,h
22/04/18 23:06:47,t,h
22/04/18 23:06:50,t,h
22/04/18 23:06:55,t,t
22/04/18 23:06:59,t,h
22/04/18 23:07:07,t,t
22/04/18 23:07:17,t,h
22/04/18 23:07:22,t,t
22/04/18 23:07:25,t,h
22/04/18 23:07:28,t,h
22/04/18 23:07:32,t,t
22/04/18 23:07:38,t,t
22/04/18 23:07:44,t,t
22/04/18 23:07:51,t,t
22/04/18 23:07:55,t,h
22/04/18 23:07:59,t,t
22/04/18 23:08:02,t,h
22/04/18 23:08:08,t,h
22/04/18 23:08:12,t,t
22/04/18 23:08:14,t,t
22/04/18 23:08:18,t,h
22/04/18 23:08:21,t,t
22/04/18 23:08:25,t,h
22/04/18 23:08:29,t,t
22/04/18 23:08:32,t,h
22/04/18 23:08:37,t,t
22/04/18 23:08:41,t,t
22/04/18 23:08:45,t,h
22/04/18 23:08:49,t,t
22/04/18 23:08:53,t,t
22/04/18 23:08:59,t,t
22/04/18 23:09:06,t,t
22/04/18 23:09:12,t,t
22/04/18 23:09:16,t,h
22/04/18 23:09:23,t,t
22/04/18 23:09:26,t,t
22/04/18 23:09:29,t,h
22/04/18 23:09:32,t,h
22/04/18 23:09:37,t,h
22/04/18 23:09:40,t,t
22/04/18 23:09:43,t,h
22/04/18 23:09:47,t,t
22/04/18 23:09:52,t,t
22/04/18 23:09:56,t,t
22/04/18 23:09:59,t,h
22/04/18 23:10:02,t,h
22/04/18 23:10:05,t,h
22/04/18 23:10:10,t,h
22/04/18 23:10:14,t,h
22/04/18 23:10:18,t,h
22/04/18 23:10:22,t,t
23/04/18 12:13:24,h,t
23/04/18 12:13:29,h,h
23/04/18 12:13:40,h,t
23/04/18 12:13:43,h,h
23/04/18 12:13:50,h,t
23/04/18 12:13:53,h,t
23/04/18 12:13:57,h,t
23/04/18 12:14:00,h,t
23/04/18 12:14:02,h,t
23/04/18 12:14:05,h,t
23/04/18 12:14:08,h,h
23/04/18 12:14:11,h,t
23/04/18 12:14:13,h,t
23/04/18 12:14:16,h,t
23/04/18 12:14:18,h,t
23/04/18 12:14:21,h,h
23/04/18 12:14:23,h,h
23/04/18 12:14:29,h,h
23/04/18 12:14:35,h,t
23/04/18 12:14:37,h,t
23/04/18 12:14:40,h,h
23/04/18 12:14:43,h,h
23/04/18 12:14:46,h,t
23/04/18 12:14:48,h,h
23/04/18 12:14:51,h,h
23/04/18 12:14:54,h,h
23/04/18 12:14:57,h,t
23/04/18 12:15:00,h,t
23/04/18 12:15:03,h,t
23/04/18 12:15:06,h,h
23/04/18 12:15:08,h,t
23/04/18 12:15:11,h,h
23/04/18 12:15:17,h,t
23/04/18 12:15:20,h,h
23/04/18 12:15:22,h,h
23/04/18 12:15:25,h,t
23/04/18 12:15:27,h,h
23/04/18 12:15:29,h,h
23/04/18 12:15:32,h,h
23/04/18 12:15:35,h,h
23/04/18 12:15:37,h,h
23/04/18 12:15:40,h,h
23/04/18 12:15:42,h,t
23/04/18 12:15:45,h,t
23/04/18 12:15:48,h,h
23/04/18 12:15:51,h,t
23/04/18 12:15:54,h,h
23/04/18 12:15:57,h,h
23/04/18 12:15:59,h,t
23/04/18 12:16:03,h,h
23/04/18 12:16:06,h,t
23/04/18 12:16:08,h,h
23/04/18 12:16:12,h,t
23/04/18 12:16:14,h,h
23/04/18 12:16:17,h,h
23/04/18 12:16:26,h,h
23/04/18 12:16:28,h,t
23/04/18 12:16:30,h,h
23/04/18 12:16:32,h,t
23/04/18 12:16:36,h,t
23/04/18 12:16:43,h,t
23/04/18 12:16:46,h,h
23/04/18 12:16:49,h,h
23/04/18 12:16:54,h,t
23/04/18 12:16:58,h,t
23/04/18 12:17:01,h,h
23/04/18 12:17:04,h,t
23/04/18 12:17:06,h,h
23/04/18 12:17:09,h,h
23/04/18 12:17:12,h,t
23/04/18 12:17:15,h,h
23/04/18 12:17:20,h,t
23/04/18 12:17:22,h,h
23/04/18 12:17:25,h,t
23/04/18 12:17:28,h,h
23/04/18 12:17:37,h,h
23/04/18 12:17:39,h,t
23/04/18 12:17:42,h,h
23/04/18 12:17:44,h,h
23/04/18 12:17:48,h,t
23/04/18 12:17:52,h,t
23/04/18 12:17:55,h,t
23/04/18 12:17:58,h,h
23/04/18 12:18:05,h,t
23/04/18 12:18:09,h,h
23/04/18 12:18:12,h,h
23/04/18 12:18:15,h,t
23/04/18 12:18:18,h,t
23/04/18 12:18:21,h,t
23/04/18 12:18:23,h,t
23/04/18 12:18:26,h,t
23/04/18 12:18:29,h,t
23/04/18 12:18:35,h,h
23/04/18 12:18:39,h,t
23/04/18 12:18:44,h,t
23/04/18 12:18:47,h,t
23/04/18 12:18:50,h,t
23/04/18 12:18:55,h,t
23/04/18 12:18:58,h,t
23/04/18 12:19:01,h,h
23/04/18 12:19:05,h,t
23/04/18 12:19:12,h,t
23/04/18 12:19:15,h,h
23/04/18 12:19:17,h,h
23/04/18 12:19:20,h,t
23/04/18 12:19:22,h,t
23/04/18 12:19:24,h,t
23/04/18 12:19:27,h,t
23/04/18 12:19:30,h,h
23/04/18 12:19:32,h,t
23/04/18 12:19:35,h,h
23/04/18 12:19:38,h,t
23/04/18 12:19:41,h,t
23/04/18 12:19:44,h,t
23/04/18 12:20:04,h,t
23/04/18 12:20:07,h,t
23/04/18 12:20:10,h,h
23/04/18 12:20:13,h,h
23/04/18 12:20:17,h,h
23/04/18 12:20:19,h,h
23/04/18 12:20:24,h,h
23/04/18 12:20:26,h,t
23/04/18 12:20:29,h,h
23/04/18 12:20:32,h,h
23/04/18 12:20:36,h,t
23/04/18 12:20:38,h,h
23/04/18 12:20:41,h,h
23/04/18 12:20:44,h,t
23/04/18 12:20:46,h,h
23/04/18 12:20:48,h,h
23/04/18 12:20:51,h,t
23/04/18 12:20:54,h,h
23/04/18 12:20:56,h,h
23/04/18 12:21:00,h,h
23/04/18 12:21:03,h,h
23/04/18 12:21:05,h,h
23/04/18 12:21:08,h,t
23/04/18 12:21:11,h,t
23/04/18 12:21:39,h,t
23/04/18 12:21:42,h,t
23/04/18 12:21:47,h,h
23/04/18 12:21:50,h,t
23/04/18 12:21:52,h,t
23/04/18 12:21:56,h,t
23/04/18 12:21:59,h,h
23/04/18 12:22:03,h,t
23/04/18 12:22:06,h,t
23/04/18 12:22:10,h,t
23/04/18 12:22:15,h,h
23/04/18 12:22:18,h,h
23/04/18 12:22:21,h,h
23/04/18 12:22:23,h,t
23/04/18 12:22:25,h,h
23/04/18 12:22:28,h,h
23/04/18 12:22:30,h,t
23/04/18 12:22:33,h,t
23/04/18 12:22:37,h,t
23/04/18 12:22:40,h,h
23/04/18 12:22:43,h,t
23/04/18 12:22:45,h,t
23/04/18 12:22:54,h,h
23/04/18 12:22:57,h,t
23/04/18 12:23:00,h,t
23/04/18 12:23:03,h,h
23/04/18 12:23:06,h,h
23/04/18 12:23:09,h,h
23/04/18 12:23:16,h,h
23/04/18 12:23:18,h,h
23/04/18 12:23:23,h,h
23/04/18 12:23:26,h,h
23/04/18 12:23:32,h,h
23/04/18 12:23:34,h,h
23/04/18 12:23:37,h,h
23/04/18 12:23:39,h,h
23/04/18 12:23:42,h,t
23/04/18 12:23:45,h,h
23/04/18 12:23:50,h,h
23/04/18 12:23:55,h,t
23/04/18 12:23:58,h,h
23/04/18 12:24:00,h,t
23/04/18 12:24:03,h,t
23/04/18 12:24:07,h,t
23/04/18 12:24:09,h,h
23/04/18 12:24:12,h,h
23/04/18 12:24:14,h,t
23/04/18 12:24:17,h,t
23/04/18 12:24:20,h,h
23/04/18 12:24:22,h,t
23/04/18 12:24:25,h,h
23/04/18 12:24:28,h,t
23/04/18 12:24:30,h,t
23/04/18 12:24:33,h,h
23/04/18 12:24:36,h,t
23/04/18 12:24:43,h,h
23/04/18 12:24:47,h,h
23/04/18 12:24:50,h,t
23/04/18 12:24:53,h,h
23/04/18 12:24:55,h,h
23/04/18 12:24:58,h,t
23/04/18 12:25:01,h,t
23/04/18 12:25:03,h,h
23/04/18 12:25:06,h,t
23/04/18 12:25:09,h,t
23/04/18 12:25:12,h,t
23/04/18 12:25:14,h,t
23/04/18 12:25:17,h,h
23/04/18 12:25:19,h,t
23/04/18 12:25:22,h,t
23/04/18 12:25:25,h,t
23/04/18 12:25:31,h,t
23/04/18 12:25:35,h,h
23/04/18 12:25:37,h,t
23/04/18 12:25:42,h,h
23/04/18 12:25:45,h,h
23/04/18 12:25:48,h,t
23/04/18 12:25:51,h,h
23/04/18 12:25:54,h,t
23/04/18 12:25:56,h,h
23/04/18 12:25:59,h,t
23/04/18 12:26:01,h,t
23/04/18 12:26:04,h,t
23/04/18 12:26:07,h,t
23/04/18 12:26:10,h,t
23/04/18 12:26:12,h,h
23/04/18 12:26:15,h,h
23/04/18 12:26:18,h,h
23/04/18 12:26:20,h,t
23/04/18 12:26:25,h,h
23/04/18 12:26:27,h,h
23/04/18 12:26:31,h,t
23/04/18 12:26:33,h,t
23/04/18 12:26:36,h,h
23/04/18 12:26:39,h,h
23/04/18 12:26:41,h,h
23/04/18 12:26:43,h,t
23/04/18 12:26:46,h,h
23/04/18 12:26:49,h,h
23/04/18 12:26:53,h,h
23/04/18 12:27:02,h,t
23/04/18 12:27:05,h,h
23/04/18 12:27:27,h,e
23/04/18 12:27:51,h,t
23/04/18 12:27:56,h,t
23/04/18 12:27:58,h,t
23/04/18 12:28:23,h,h
23/04/18 12:28:26,h,h
23/04/18 12:28:28,h,t
23/04/18 12:28:35,h,t
23/04/18 12:28:41,h,h
23/04/18 12:28:43,h,h
23/04/18 12:28:46,h,h
23/04/18 12:28:48,h,h
23/04/18 12:28:51,h,h
23/04/18 12:28:53,h,t
23/04/18 12:28:56,h,t
23/04/18 12:29:00,h,h
23/04/18 12:29:03,h,t
23/04/18 12:29:06,h,t
23/04/18 12:29:08,h,t
23/04/18 12:29:11,h,h
23/04/18 12:29:14,h,h
23/04/18 12:29:16,h,t
23/04/18 12:29:19,h,h
23/04/18 12:29:22,h,h
23/04/18 12:29:24,h,h
23/04/18 12:29:27,h,h
23/04/18 12:29:37,h,t
23/04/18 12:29:44,h,h
23/04/18 12:29:47,h,h
23/04/18 12:29:54,h,h
23/04/18 12:29:57,h,h
23/04/18 12:30:00,h,t
23/04/18 12:30:02,h,h
23/04/18 12:30:05,h,h
23/04/18 12:30:09,h,t
23/04/18 12:30:11,h,t
23/04/18 12:30:15,h,t
23/04/18 12:30:17,h,t
23/04/18 12:30:20,h,t
23/04/18 12:30:23,h,t
23/04/18 12:30:26,h,h
23/04/18 12:30:29,h,t
23/04/18 12:30:34,h,h
23/04/18 12:30:39,h,t
23/04/18 12:30:42,h,h
23/04/18 12:30:44,h,t
23/04/18 12:30:48,h,t
23/04/18 12:30:51,h,t
23/04/18 12:30:54,h,h
23/04/18 12:31:02,h,t
23/04/18 12:31:06,h,t
23/04/18 12:31:10,h,h
23/04/18 12:31:13,h,t
23/04/18 12:31:19,h,t
23/04/18 12:31:22,h,h
23/04/18 12:31:25,h,h
23/04/18 12:31:28,h,h
23/04/18 12:31:31,h,h
23/04/18 12:31:34,h,h
23/04/18 12:31:37,h,t
23/04/18 12:31:40,h,t
23/04/18 12:31:48,h,t
23/04/18 12:31:51,h,h
23/04/18 12:31:54,h,t
23/04/18 12:32:01,h,t
23/04/18 12:32:04,h,t
23/04/18 12:32:06,h,h
23/04/18 12:32:13,h,t
23/04/18 12:32:16,h,t
23/04/18 12:32:18,h,h
23/04/18 12:32:25,h,t
23/04/18 12:32:29,h,t
23/04/18 12:32:32,h,t
23/04/18 12:32:36,h,h
23/04/18 12:32:39,h,h
23/04/18 12:32:41,h,t
23/04/18 12:32:44,h,h
23/04/18 12:32:46,h,h
23/04/18 12:32:49,h,h
23/04/18 12:32:52,h,t
23/04/18 12:32:57,h,h
23/04/18 12:33:06,h,h
23/04/18 12:33:08,h,h
23/04/18 12:33:11,h,t
23/04/18 12:33:14,h,t
23/04/18 12:33:21,h,h
23/04/18 12:33:24,h,t
23/04/18 12:33:26,h,h
23/04/18 12:33:29,h,t
23/04/18 12:33:32,h,h
23/04/18 12:33:35,h,t
23/04/18 12:33:38,h,h
23/04/18 12:33:42,h,h
23/04/18 12:34:36,h,h
23/04/18 12:34:40,h,t
23/04/18 12:34:45,h,h
23/04/18 12:34:48,h,h
23/04/18 12:34:50,h,h
23/04/18 12:34:53,h,t
23/04/18 12:34:58,h,h
23/04/18 12:35:01,h,h
23/04/18 12:35:04,h,h
23/04/18 12:35:06,h,h
23/04/18 12:35:09,h,t
23/04/18 12:35:12,h,t
23/04/18 12:35:15,h,t
23/04/18 12:35:17,h,h
23/04/18 12:35:20,h,t
23/04/18 12:35:24,h,h
23/04/18 12:35:26,h,t
23/04/18 12:35:29,h,t
23/04/18 12:35:32,h,t
23/04/18 12:35:35,h,t
23/04/18 12:35:38,h,t
23/04/18 12:35:41,h,t
23/04/18 12:35:43,h,h
23/04/18 12:35:47,h,t
23/04/18 12:35:49,h,t
23/04/18 12:35:52,h,t
23/04/18 12:35:55,h,t
23/04/18 12:35:57,h,t
23/04/18 12:36:00,h,h
23/04/18 12:36:02,h,h
23/04/18 12:36:07,h,t
23/04/18 12:36:09,h,h
23/04/18 12:36:12,h,h
23/04/18 12:36:15,h,h
23/04/18 12:36:18,h,h
23/04/18 12:36:20,h,t
23/04/18 12:36:23,h,h
23/04/18 12:36:26,h,t
23/04/18 12:36:28,h,t
23/04/18 12:36:31,h,h
23/04/18 12:36:34,h,t
23/04/18 12:36:36,h,h
23/04/18 12:36:42,h,h
23/04/18 12:36:44,h,t
23/04/18 12:36:47,h,t
23/04/18 12:36:53,h,t
23/04/18 12:36:56,h,t
23/04/18 12:37:00,h,h
23/04/18 12:37:05,h,h
23/04/18 12:37:08,h,t
23/04/18 12:37:11,h,h
23/04/18 12:37:13,h,h
23/04/18 12:37:18,h,h
23/04/18 12:37:20,h,t
23/04/18 12:37:23,h,t
23/04/18 12:37:26,h,t
23/04/18 12:37:29,h,h
23/04/18 12:37:31,h,h
23/04/18 12:37:34,h,h
23/04/18 12:37:36,h,h
23/04/18 12:37:39,h,h
23/04/18 12:37:41,h,h
23/04/18 12:37:44,h,t
23/04/18 12:37:48,h,t
23/04/18 12:37:51,h,h
23/04/18 12:37:53,h,t
23/04/18 12:37:56,h,h
23/04/18 12:37:58,h,h
23/04/18 12:38:01,h,h
23/04/18 12:38:03,h,h
23/04/18 12:38:06,h,h
23/04/18 12:38:09,h,t
23/04/18 12:38:12,h,t
23/04/18 12:38:15,h,h
23/04/18 12:38:18,h,t
23/04/18 12:38:21,h,t
23/04/18 12:38:25,h,t
23/04/18 12:38:28,h,t
23/04/18 12:38:31,h,t
23/04/18 12:38:36,h,t
23/04/18 12:38:40,h,h
23/04/18 12:38:42,h,h
23/04/18 12:38:45,h,h
23/04/18 12:38:48,h,t
23/04/18 12:38:55,h,h
23/04/18 12:38:57,h,h
23/04/18 12:39:00,h,t
23/04/18 12:39:04,h,h
23/04/18 12:39:06,h,t
23/04/18 12:39:10,h,t
23/04/18 12:39:13,h,h
23/04/18 12:39:16,h,h
23/04/18 12:39:18,h,h
23/04/18 12:39:20,h,h
23/04/18 12:39:25,h,t
23/04/18 12:39:28,h,t
23/04/18 12:39:31,h,h
23/04/18 12:39:34,h,t
23/04/18 12:39:37,h,h
23/04/18 12:39:39,h,t
23/04/18 12:39:42,h,t
23/04/18 12:39:49,h,h
23/04/18 12:39:52,h,t
23/04/18 12:39:56,h,t
23/04/18 12:40:00,h,h
23/04/18 12:40:03,h,t
23/04/18 12:40:08,h,h
23/04/18 12:40:13,h,t
23/04/18 12:40:16,h,h
23/04/18 12:40:19,h,t
23/04/18 12:40:22,h,t
23/04/18 12:40:26,h,h
23/04/18 12:40:30,h,t
23/04/18 12:40:32,h,h
23/04/18 12:40:35,h,h
23/04/18 12:40:38,h,h
23/04/18 12:40:40,h,h
23/04/18 12:40:47,h,t
23/04/18 12:40:50,h,h
23/04/18 12:40:53,h,t
23/04/18 12:40:56,h,t
23/04/18 12:40:59,h,h
23/04/18 12:41:02,h,t
23/04/18 12:41:05,h,h
23/04/18 12:41:08,h,h
23/04/18 12:41:10,h,h
23/04/18 12:41:13,h,h
23/04/18 12:41:16,h,t
23/04/18 12:41:19,h,h
23/04/18 12:41:22,h,h
23/04/18 12:41:24,h,h
23/04/18 12:41:27,h,h
23/04/18 12:41:29,h,t
23/04/18 12:41:34,h,t
23/04/18 12:42:25,h,e
23/04/18 12:43:03,h,t
23/04/18 12:43:28,h,t
23/04/18 12:43:31,h,t
23/04/18 12:43:37,h,t
23/04/18 12:43:40,h,t
23/04/18 12:43:42,h,t
23/04/18 12:43:45,h,h
23/04/18 12:43:48,h,t
23/04/18 12:43:52,h,h
23/04/18 12:43:55,h,h
23/04/18 12:43:57,h,h
23/04/18 12:44:00,h,t
23/04/18 12:44:03,h,t
23/04/18 12:44:06,h,h
23/04/18 12:44:08,h,h
23/04/18 12:44:12,h,h
23/04/18 12:44:14,h,h
23/04/18 12:44:16,h,h
23/04/18 12:44:19,h,h
23/04/18 12:44:22,h,h
23/04/18 12:44:26,h,t
23/04/18 12:44:31,h,h
23/04/18 12:44:34,h,t
23/04/18 12:44:39,h,t
23/04/18 12:44:41,h,t
23/04/18 12:44:45,h,t
23/04/18 12:44:48,h,t
23/04/18 12:44:51,h,h
23/04/18 12:44:53,h,h
23/04/18 12:44:56,h,h
23/04/18 12:44:58,h,h
23/04/18 12:45:02,h,t
23/04/18 12:45:19,t,h
23/04/18 12:45:23,t,h
23/04/18 12:45:27,t,t
23/04/18 12:45:29,t,h
23/04/18 12:45:34,t,t
23/04/18 12:45:37,t,h
23/04/18 12:45:40,t,t
23/04/18 12:45:44,t,h
23/04/18 12:45:48,t,t
23/04/18 12:45:51,t,t
23/04/18 12:45:53,t,t
23/04/18 12:45:56,t,h
23/04/18 12:46:03,t,h
23/04/18 12:46:08,t,h
23/04/18 12:46:11,t,h
23/04/18 12:46:17,t,h
23/04/18 12:46:21,t,t
23/04/18 12:46:25,t,t
23/04/18 12:46:28,t,h
23/04/18 12:46:31,t,h
23/04/18 12:46:35,t,t
23/04/18 12:46:38,t,h
23/04/18 12:46:43,t,t
23/04/18 12:46:48,t,h
23/04/18 12:46:51,t,t
23/04/18 12:46:55,t,t
23/04/18 12:46:58,t,h
23/04/18 12:47:02,t,h
23/04/18 12:47:08,t,h
23/04/18 12:47:11,t,h
23/04/18 12:47:14,t,h
23/04/18 12:47:18,t,h
23/04/18 12:47:21,t,h
23/04/18 12:47:25,t,t
23/04/18 12:47:30,t,h
23/04/18 12:47:33,t,t
23/04/18 12:47:36,t,h
23/04/18 12:47:47,t,t
23/04/18 12:47:49,t,h
23/04/18 12:47:53,t,h
23/04/18 12:48:00,t,t
23/04/18 12:48:03,t,t
23/04/18 12:48:06,t,t
23/04/18 12:48:09,t,t
23/04/18 12:48:11,t,t
23/04/18 12:48:14,t,t
23/04/18 12:48:18,t,t
23/04/18 12:48:20,t,t
23/04/18 12:48:24,t,h
23/04/18 12:48:27,t,t
23/04/18 12:48:30,t,t
23/04/18 12:48:32,t,t
23/04/18 12:48:35,t,t
23/04/18 12:48:40,t,t
23/04/18 12:48:44,t,h
23/04/18 12:48:48,t,t
23/04/18 12:48:50,t,t
23/04/18 12:48:53,t,h
23/04/18 12:48:55,t,t
23/04/18 12:48:58,t,t
23/04/18 12:49:01,t,h
23/04/18 12:49:08,t,t
23/04/18 12:49:12,t,h
23/04/18 12:49:18,t,h
23/04/18 12:49:22,t,h
23/04/18 12:49:26,t,h
23/04/18 12:49:30,t,h
23/04/18 12:49:34,t,t
23/04/18 12:49:37,t,h
23/04/18 12:49:41,t,t
23/04/18 12:49:44,t,h
23/04/18 12:49:48,t,t
23/04/18 12:49:52,t,t
23/04/18 12:49:55,t,t
23/04/18 12:49:57,t,h
23/04/18 12:50:00,t,t
23/04/18 12:50:02,t,h
23/04/18 12:50:06,t,h
23/04/18 12:50:09,t,h
23/04/18 12:50:13,t,t
23/04/18 12:50:17,t,t
23/04/18 12:50:21,t,t
23/04/18 12:50:23,t,h
23/04/18 12:50:26,t,t
23/04/18 12:50:29,t,t
23/04/18 12:50:32,t,t
23/04/18 12:50:35,t,t
23/04/18 12:50:45,t,h
23/04/18 12:50:49,t,h
23/04/18 12:50:52,t,t
23/04/18 12:50:57,t,h
23/04/18 12:51:00,t,t
23/04/18 12:51:06,t,t
23/04/18 12:51:09,t,h
23/04/18 12:51:13,t,h
23/04/18 12:51:18,t,t
23/04/18 12:51:20,t,h
23/04/18 12:51:25,t,h
23/04/18 12:51:28,t,h
23/04/18 12:51:31,t,t
23/04/18 12:51:35,t,t
23/04/18 12:51:37,t,t
23/04/18 12:51:39,t,t
23/04/18 12:51:42,t,h
23/04/18 12:51:46,t,t
23/04/18 12:51:49,t,h
23/04/18 12:51:52,t,h
23/04/18 12:51:56,t,t
23/04/18 12:51:58,t,t
23/04/18 12:52:01,t,t
23/04/18 12:52:03,t,t
23/04/18 12:52:05,t,h
23/04/18 12:52:09,t,t
23/04/18 12:52:11,t,h
23/04/18 12:52:15,t,h
23/04/18 12:52:19,t,h
23/04/18 12:52:24,t,t
23/04/18 12:52:26,t,t
23/04/18 12:52:33,t,h
23/04/18 12:52:38,t,t
23/04/18 12:52:40,t,t
23/04/18 12:52:42,t,t
23/04/18 12:52:45,t,h
23/04/18 12:52:49,t,h
23/04/18 12:52:52,t,t
23/04/18 12:52:55,t,t
23/04/18 12:52:58,t,h
23/04/18 12:53:04,t,h
23/04/18 12:53:08,t,h
23/04/18 12:53:11,t,t
23/04/18 12:53:20,t,t
23/04/18 12:53:24,t,h
23/04/18 12:53:26,t,t
23/04/18 12:53:29,t,h
23/04/18 12:53:33,t,h
23/04/18 12:53:37,t,h
23/04/18 12:53:41,t,t
23/04/18 12:53:44,t,t
23/04/18 12:53:49,t,h
23/04/18 12:53:53,t,h
23/04/18 12:53:57,t,h
23/04/18 12:54:01,t,h
23/04/18 12:54:07,t,h
23/04/18 12:54:10,t,t
23/04/18 12:54:13,t,h
23/04/18 12:54:18,t,h
23/04/18 12:54:25,t,h
23/04/18 12:54:32,t,t
23/04/18 12:54:34,t,h
23/04/18 12:54:37,t,t
23/04/18 12:54:41,t,t
23/04/18 12:54:45,t,h
23/04/18 12:54:52,t,t
23/04/18 12:54:54,t,h
23/04/18 12:54:57,t,h
23/04/18 12:55:01,t,h
23/04/18 12:55:08,t,t
23/04/18 12:55:12,t,t
23/04/18 12:55:15,t,h
23/04/18 12:55:21,t,t
23/04/18 12:55:27,t,h
23/04/18 12:55:32,t,t
23/04/18 12:55:34,t,t
23/04/18 12:55:36,t,t
23/04/18 12:55:40,t,t
23/04/18 12:55:42,t,h
23/04/18 12:58:11,t,h
23/04/18 12:58:15,t,t
23/04/18 12:58:19,t,t
23/04/18 12:58:27,t,t
23/04/18 12:58:37,t,h
23/04/18 12:58:49,t,t
23/04/18 12:58:51,t,t
23/04/18 12:58:53,t,h
23/04/18 12:58:57,t,t
23/04/18 12:59:02,t,h
23/04/18 12:59:07,t,h
23/04/18 12:59:10,t,t
23/04/18 12:59:13,t,t
23/04/18 12:59:17,t,h
23/04/18 12:59:20,t,t
23/04/18 12:59:23,t,h
23/04/18 12:59:25,t,t
23/04/18 12:59:30,t,t
23/04/18 12:59:32,t,t
23/04/18 12:59:34,t,h
23/04/18 12:59:37,t,t
23/04/18 12:59:40,t,h
23/04/18 12:59:43,t,h
23/04/18 12:59:48,t,t
23/04/18 12:59:51,t,t
23/04/18 12:59:54,t,t
23/04/18 12:59:57,t,t
23/04/18 13:00:00,t,t
23/04/18 13:00:02,t,t
23/04/18 13:00:05,t,h
23/04/18 13:00:09,t,t
23/04/18 13:00:12,t,h
23/04/18 13:00:16,t,h
23/04/18 13:00:19,t,t
23/04/18 13:00:22,t,t
23/04/18 13:00:24,t,t
23/04/18 13:00:26,t,t
23/04/18 13:00:29,t,h
23/04/18 13:00:31,t,h
23/04/18 13:00:35,t,h
23/04/18 13:00:39,t,h
23/04/18 13:00:42,t,t
23/04/18 13:00:45,t,t
23/04/18 13:00:47,t,t
23/04/18 13:00:50,t,h
23/04/18 13:00:53,t,h
23/04/18 13:00:55,t,h
23/04/18 13:00:59,t,h
23/04/18 13:01:03,t,h
23/04/18 13:01:07,t,h
23/04/18 13:01:11,t,h
23/04/18 13:01:14,t,t
23/04/18 13:01:18,t,t
23/04/18 13:01:21,t,h
23/04/18 13:01:25,t,t
23/04/18 13:01:33,t,h
23/04/18 13:01:36,t,h
23/04/18 13:01:39,t,t
23/04/18 13:01:44,t,t
23/04/18 13:01:47,t,t
23/04/18 13:01:54,t,t
23/04/18 13:01:56,t,h
23/04/18 13:02:00,t,t
23/04/18 13:02:02,t,t
23/04/18 13:02:05,t,t
23/04/18 13:02:08,t,t
23/04/18 13:02:10,t,h
23/04/18 13:02:14,t,h
23/04/18 13:02:18,t,t
23/04/18 13:02:20,t,t
23/04/18 13:02:22,t,h
23/04/18 13:02:26,t,t
23/04/18 13:02:29,t,t
23/04/18 13:02:33,t,t
23/04/18 13:02:35,t,t
23/04/18 13:02:38,t,t
23/04/18 13:02:41,t,h
23/04/18 13:02:44,t,t
23/04/18 13:02:47,t,t
23/04/18 13:02:49,t,t
23/04/18 13:02:52,t,t
23/04/18 13:02:54,t,t
23/04/18 13:03:01,t,h
23/04/18 13:03:04,t,h
23/04/18 13:03:08,t,t
23/04/18 13:03:10,t,t
23/04/18 13:03:13,t,t
23/04/18 13:03:17,t,h
23/04/18 13:03:20,t,h
23/04/18 13:03:24,t,t
23/04/18 13:03:28,t,t
23/04/18 13:03:32,t,t
23/04/18 13:03:35,t,h
23/04/18 13:03:41,t,t
23/04/18 13:03:46,t,t
23/04/18 13:03:50,t,t
23/04/18 13:03:53,t,t
23/04/18 13:03:56,t,h
23/04/18 13:04:00,t,h
23/04/18 13:04:06,t,t
23/04/18 13:04:09,t,h
23/04/18 13:04:14,t,h
23/04/18 13:04:18,t,t
23/04/18 13:04:21,t,h
23/04/18 13:04:24,t,t
23/04/18 13:04:27,t,h
23/04/18 13:04:32,t,h
23/04/18 13:04:36,t,t
23/04/18 13:04:39,t,h
23/04/18 13:04:43,t,t
23/04/18 13:04:45,t,h
23/04/18 13:04:49,t,h
23/04/18 13:04:54,t,h
23/04/18 13:04:57,t,h
23/04/18 13:05:00,t,h
23/04/18 13:05:04,t,h
23/04/18 13:05:07,t,h
23/04/18 13:05:11,t,t
23/04/18 13:05:14,t,h
23/04/18 13:05:18,t,h
23/04/18 13:05:21,t,t
23/04/18 13:05:26,t,h
23/04/18 13:05:31,t,t
23/04/18 13:05:35,t,t
23/04/18 13:05:37,t,t
23/04/18 13:05:41,t,h
23/04/18 13:05:44,t,h
23/04/18 13:05:48,t,t
23/04/18 13:05:52,t,h
23/04/18 13:05:56,t,h
23/04/18 13:05:58,t,h
23/04/18 13:06:01,t,h
23/04/18 13:06:05,t,h
23/04/18 13:06:07,t,h
23/04/18 13:06:11,t,t
23/04/18 13:06:15,t,h
23/04/18 13:06:21,t,h
23/04/18 13:06:24,t,h
23/04/18 13:06:26,t,h
23/04/18 13:06:30,t,t
23/04/18 13:06:36,t,t
23/04/18 13:06:38,t,t
23/04/18 13:06:42,t,h
23/04/18 13:06:48,t,t
23/04/18 13:06:51,t,t
23/04/18 13:06:54,t,h
23/04/18 13:06:58,t,h
23/04/18 13:07:01,t,t
23/04/18 13:07:04,t,t
23/04/18 13:07:06,t,t
23/04/18 13:07:09,t,h
23/04/18 13:07:13,t,t
23/04/18 13:07:15,t,t
23/04/18 13:07:18,t,t
23/04/18 13:07:20,t,t
23/04/18 13:07:23,t,h
23/04/18 13:07:26,t,t
23/04/18 13:07:30,t,h
23/04/18 13:07:33,t,h
23/04/18 13:07:36,t,h
23/04/18 13:07:43,t,h
23/04/18 13:07:46,t,h
23/04/18 13:07:49,t,h
23/04/18 13:07:52,t,t
23/04/18 13:08:00,t,t
23/04/18 13:08:02,t,t
23/04/18 13:08:05,t,h
23/04/18 13:08:07,t,t
23/04/18 13:08:10,t,t
23/04/18 13:08:13,t,t
23/04/18 13:08:17,t,h
23/04/18 13:08:20,t,t
23/04/18 13:08:22,t,h
23/04/18 13:08:28,t,t
23/04/18 13:08:30,t,t
23/04/18 13:08:33,t,t
23/04/18 13:08:35,t,t
23/04/18 13:08:38,t,h
23/04/18 13:08:42,t,h
23/04/18 13:08:46,t,t
23/04/18 13:08:50,t,h
23/04/18 13:08:58,t,t
23/04/18 13:09:01,t,h
23/04/18 13:09:05,t,t
23/04/18 13:09:07,t,h
23/04/18 13:09:11,t,h
23/04/18 13:09:14,t,h
23/04/18 13:09:18,t,t
23/04/18 13:09:20,t,t
23/04/18 13:09:23,t,h
23/04/18 13:09:27,t,t
23/04/18 13:09:29,t,h
23/04/18 13:09:32,t,t
23/04/18 13:09:36,t,t
23/04/18 13:09:39,t,h
23/04/18 13:09:44,t,h
23/04/18 13:10:44,t,t
23/04/18 13:10:47,t,t
23/04/18 13:10:50,t,t
23/04/18 13:10:52,t,h
23/04/18 13:10:56,t,t
23/04/18 13:10:58,t,h
23/04/18 13:11:02,t,h
23/04/18 13:11:11,t,h
23/04/18 13:11:14,t,t
23/04/18 13:11:19,t,t
23/04/18 13:11:24,t,h
23/04/18 13:11:30,t,t
23/04/18 13:11:33,t,t
23/04/18 13:11:37,t,h
23/04/18 13:11:39,t,h
23/04/18 13:11:43,t,t
23/04/18 13:11:45,t,h
23/04/18 13:11:49,t,h
23/04/18 13:11:54,t,h
23/04/18 13:11:57,t,t
23/04/18 13:12:00,t,h
23/04/18 13:12:03,t,t
23/04/18 13:12:06,t,t
23/04/18 13:12:08,t,h
23/04/18 13:12:11,t,t
23/04/18 13:12:13,t,h
23/04/18 13:12:19,t,h
23/04/18 13:12:23,t,t
23/04/18 13:12:25,t,t
23/04/18 13:12:28,t,h
23/04/18 13:12:33,t,h
23/04/18 13:12:37,t,t
23/04/18 13:12:42,t,t
23/04/18 13:12:49,t,h
23/04/18 13:12:52,t,h
23/04/18 13:12:54,t,t
23/04/18 13:12:57,t,h
23/04/18 13:13:00,t,t
23/04/18 13:13:03,t,h
23/04/18 13:13:06,t,t
23/04/18 13:13:09,t,t
23/04/18 13:13:12,t,t
23/04/18 13:13:15,t,t
23/04/18 13:13:19,t,h
23/04/18 13:13:22,t,h
23/04/18 13:13:26,t,t
23/04/18 13:13:32,t,h
23/04/18 13:13:36,t,h
23/04/18 13:13:39,t,h
23/04/18 13:13:42,t,h
23/04/18 13:13:45,t,h
23/04/18 13:13:49,t,t
23/04/18 13:13:52,t,h
23/04/18 13:13:56,t,h
23/04/18 13:13:58,t,h
23/04/18 13:14:02,t,h
23/04/18 13:14:04,t,h
23/04/18 13:14:13,t,h
23/04/18 13:14:21,t,t
23/04/18 13:14:23,t,h
23/04/18 13:14:27,t,h
23/04/18 13:14:31,t,h
23/04/18 13:14:35,t,h
23/04/18 13:14:39,t,t
23/04/18 13:14:46,t,h
23/04/18 13:14:48,t,h
23/04/18 13:14:51,t,h
23/04/18 13:14:55,t,h
23/04/18 13:14:57,t,h
23/04/18 13:15:00,t,h
23/04/18 13:15:04,t,t
23/04/18 13:15:07,t,t
23/04/18 13:15:11,t,h
23/04/18 13:15:13,t,t
23/04/18 13:15:16,t,t
23/04/18 13:15:19,t,h
23/04/18 13:15:22,t,t
23/04/18 13:15:26,t,h
23/04/18 13:15:30,t,t
23/04/18 13:15:33,t,t
23/04/18 13:15:34,t,h
23/04/18 13:15:42,t,h
23/04/18 13:15:45,t,h
23/04/18 13:15:48,t,t
23/04/18 13:15:50,t,t
23/04/18 13:15:53,t,h
23/04/18 13:15:56,t,t
23/04/18 13:15:58,t,h
23/04/18 13:16:02,t,t
23/04/18 13:16:05,t,t
23/04/18 13:16:12,t,t
23/04/18 13:16:15,t,h
23/04/18 13:16:21,t,t
23/04/18 13:16:23,t,h
23/04/18 13:16:26,t,t
23/04/18 13:16:29,t,h
23/04/18 13:16:32,t,h
23/04/18 13:16:35,t,h
23/04/18 13:16:39,t,t
23/04/18 13:16:44,t,t
23/04/18 13:16:46,t,h
23/04/18 13:16:49,t,h
23/04/18 13:16:52,t,t
23/04/18 13:16:57,t,h
23/04/18 13:17:01,t,t
23/04/18 13:17:04,t,t
23/04/18 13:17:08,t,t
23/04/18 13:17:11,t,t
23/04/18 13:17:15,t,h
23/04/18 13:17:18,t,h
23/04/18 13:17:22,t,h
23/04/18 13:17:25,t,t
23/04/18 13:17:31,t,h
23/04/18 13:17:35,t,t
23/04/18 13:17:39,t,h
23/04/18 13:17:42,t,t
23/04/18 13:17:44,t,h
23/04/18 13:17:47,t,t
23/04/18 13:17:50,t,h
23/04/18 13:17:53,t,h
23/04/18 13:17:56,t,t
23/04/18 13:17:58,t,h
23/04/18 13:18:01,t,h
23/04/18 13:18:04,t,h
23/04/18 13:18:07,t,h
23/04/18 13:18:10,t,t
23/04/18 13:18:13,t,h
23/04/18 13:18:16,t,h
23/04/18 13:18:21,t,h
23/04/18 13:18:24,t,t
23/04/18 13:18:27,t,h
23/04/18 13:18:31,t,h
23/04/18 13:18:35,t,t
23/04/18 13:18:38,t,h
23/04/18 13:18:57,t,t
23/04/18 13:19:02,t,h
23/04/18 13:19:05,t,t
23/04/18 13:19:09,t,h
23/04/18 14:47:56,h,h
23/04/18 14:48:10,h,h
23/04/18 14:48:17,h,t
23/04/18 14:48:20,h,h
23/04/18 14:48:23,h,t
23/04/18 14:48:25,h,h
23/04/18 14:48:28,h,h
23/04/18 14:48:30,h,h
23/04/18 14:48:33,h,h
23/04/18 14:48:35,h,h
23/04/18 14:48:38,h,t
23/04/18 14:48:41,h,h
23/04/18 14:48:43,h,t
23/04/18 14:48:50,h,t
23/04/18 14:48:52,h,h
23/04/18 14:48:54,h,t
23/04/18 14:48:58,h,t
23/04/18 14:49:01,h,h
23/04/18 14:49:04,h,t
23/04/18 14:49:07,h,h
23/04/18 14:49:09,h,t
23/04/18 14:49:11,h,t
23/04/18 14:49:16,h,h
23/04/18 14:49:19,h,h
23/04/18 14:49:21,h,t
23/04/18 14:49:24,h,t
23/04/18 14:49:26,h,t
23/04/18 14:49:29,h,h
23/04/18 14:49:31,h,t
23/04/18 14:49:34,h,t
23/04/18 14:49:36,h,h
23/04/18 14:49:41,h,h
23/04/18 14:49:44,h,t
23/04/18 14:49:47,h,t
23/04/18 14:49:49,h,h
23/04/18 14:49:51,h,h
23/04/18 14:49:53,h,h
23/04/18 14:49:56,h,h
23/04/18 14:49:58,h,t
23/04/18 14:50:05,h,h
23/04/18 14:50:15,h,t
23/04/18 14:50:20,h,h
23/04/18 14:50:24,h,t
23/04/18 14:50:33,h,h
23/04/18 14:50:39,h,h
23/04/18 14:50:42,h,h
23/04/18 14:50:45,h,h
23/04/18 14:50:48,h,h
23/04/18 14:50:50,h,h
23/04/18 14:50:53,h,h
23/04/18 14:50:59,h,t
23/04/18 14:51:02,h,t
23/04/18 14:51:07,h,t
23/04/18 14:51:10,h,t
23/04/18 14:51:12,h,t
23/04/18 14:51:16,h,t
23/04/18 14:51:18,h,h
23/04/18 14:51:23,h,h
23/04/18 14:51:25,h,h
23/04/18 14:51:28,h,t
23/04/18 14:51:31,h,h
23/04/18 14:51:34,h,t
23/04/18 14:51:38,h,t
23/04/18 14:51:40,h,h
23/04/18 14:51:44,h,t
23/04/18 14:51:47,h,t
23/04/18 14:51:49,h,t
23/04/18 14:51:52,h,t
23/04/18 14:51:55,h,h
23/04/18 14:51:58,h,h
23/04/18 14:52:03,h,t
23/04/18 14:52:06,h,t
23/04/18 14:52:08,h,t
23/04/18 14:52:11,h,t
23/04/18 14:52:15,h,h
23/04/18 14:52:17,h,h
23/04/18 14:52:22,h,h
23/04/18 14:52:27,h,t
23/04/18 14:52:33,h,h
23/04/18 14:52:36,h,h
23/04/18 14:52:41,h,h
23/04/18 14:52:43,h,h
23/04/18 14:52:46,h,t
23/04/18 14:52:49,h,t
23/04/18 14:52:51,h,h
23/04/18 14:52:53,h,t
23/04/18 14:52:56,h,h
23/04/18 14:52:59,h,t
23/04/18 14:53:03,h,h
23/04/18 14:53:05,h,h
23/04/18 14:53:08,h,h
23/04/18 14:53:13,h,h
23/04/18 14:53:16,h,t
23/04/18 14:53:19,h,h
23/04/18 14:53:25,h,h
23/04/18 14:53:28,h,h
23/04/18 14:53:33,h,t
23/04/18 14:53:36,h,t
23/04/18 14:53:39,h,t
23/04/18 14:53:43,h,t
23/04/18 14:53:45,h,h
23/04/18 14:53:51,h,h
23/04/18 14:53:54,h,t
23/04/18 14:53:57,h,h
23/04/18 14:54:02,h,t
23/04/18 14:54:05,h,h
23/04/18 14:54:13,h,h
23/04/18 14:54:15,h,h
23/04/18 14:54:18,h,h
23/04/18 14:54:21,h,t
23/04/18 14:54:30,h,h
23/04/18 14:54:33,h,t
23/04/18 14:54:37,h,h
23/04/18 14:54:41,h,t
23/04/18 14:54:43,h,h
23/04/18 14:54:47,h,h
23/04/18 14:54:50,h,h
23/04/18 14:54:52,h,t
23/04/18 14:54:58,h,h
23/04/18 14:55:01,h,t
23/04/18 14:55:05,h,t
23/04/18 14:55:09,h,h
23/04/18 14:55:14,h,t
23/04/18 14:55:17,h,t
23/04/18 14:55:21,h,h
23/04/18 14:55:25,h,h
23/04/18 14:55:37,h,h
23/04/18 14:55:40,h,h
23/04/18 14:55:48,h,h
23/04/18 14:55:51,h,h
23/04/18 14:55:54,h,h
23/04/18 14:55:56,h,t
23/04/18 14:56:05,h,t
23/04/18 14:56:10,h,t
23/04/18 14:56:14,h,h
23/04/18 14:56:16,h,t
23/04/18 14:56:19,h,t
23/04/18 14:56:22,h,h
23/04/18 14:56:27,h,h
23/04/18 14:56:31,h,t
23/04/18 14:56:36,h,h
23/04/18 14:56:39,h,t
23/04/18 14:56:41,h,h
23/04/18 14:56:43,h,t
23/04/18 14:56:46,h,t
23/04/18 14:56:50,h,t
23/04/18 14:56:52,h,t
23/04/18 14:56:55,h,h
23/04/18 14:56:58,h,t
23/04/18 14:57:00,h,h
23/04/18 14:57:03,h,t
23/04/18 14:57:06,h,t
23/04/18 14:57:08,h,t
23/04/18 14:57:10,h,h
23/04/18 14:57:13,h,h
23/04/18 14:57:18,h,h
23/04/18 14:57:21,h,h
23/04/18 14:57:23,h,h
23/04/18 14:57:26,h,t
23/04/18 14:57:28,h,t
23/04/18 14:57:34,h,h
23/04/18 14:57:36,h,h
23/04/18 14:57:41,h,h
23/04/18 14:57:44,h,t
23/04/18 14:57:46,h,t
23/04/18 14:57:51,h,h
23/04/18 14:57:54,h,h
23/04/18 14:57:57,h,h
23/04/18 14:58:00,h,h
23/04/18 14:58:03,h,h
23/04/18 14:58:05,h,h
23/04/18 14:58:08,h,t
23/04/18 14:58:11,h,t
23/04/18 14:58:13,h,h
23/04/18 14:58:16,h,h
23/04/18 14:58:19,h,h
23/04/18 14:58:21,h,t
23/04/18 14:58:24,h,t
23/04/18 14:58:26,h,t
23/04/18 14:58:29,h,h
23/04/18 14:58:31,h,t
23/04/18 14:58:38,h,h
23/04/18 14:58:41,h,t
23/04/18 14:58:46,h,h
23/04/18 14:58:48,h,h
23/04/18 14:58:51,h,h
23/04/18 14:58:56,h,h
23/04/18 14:58:59,h,t
23/04/18 14:59:04,h,h
23/04/18 14:59:09,h,h
23/04/18 14:59:13,h,h
23/04/18 14:59:14,h,t
23/04/18 14:59:19,h,h
23/04/18 14:59:21,h,t
23/04/18 14:59:23,h,h
23/04/18 14:59:26,h,t
23/04/18 14:59:29,h,h
23/04/18 14:59:34,h,h
23/04/18 14:59:37,h,h
23/04/18 14:59:40,h,h
23/04/18 14:59:43,h,h
23/04/18 14:59:49,h,t
23/04/18 14:59:53,h,t
23/04/18 14:59:55,h,h
23/04/18 14:59:58,h,t
23/04/18 15:00:04,h,h
23/04/18 15:00:06,h,h
23/04/18 15:00:12,h,h
23/04/18 15:00:15,h,h
23/04/18 15:00:17,h,t
23/04/18 15:00:20,h,h
23/04/18 15:00:26,h,t
23/04/18 15:00:30,h,h
23/04/18 15:00:34,h,t
23/04/18 15:00:38,h,h
23/04/18 15:00:44,h,t
23/04/18 15:00:46,h,t
23/04/18 15:00:49,h,h
23/04/18 15:00:52,h,h
23/04/18 15:00:54,h,t
23/04/18 15:01:00,h,t
23/04/18 15:01:03,h,t
23/04/18 15:01:08,h,t
23/04/18 15:01:13,h,t
23/04/18 15:01:16,h,t
23/04/18 15:01:19,h,h
23/04/18 15:01:21,h,t
23/04/18 15:01:24,h,h
23/04/18 15:01:27,h,t
23/04/18 15:01:29,h,t
23/04/18 15:01:32,h,t
23/04/18 15:01:34,h,t
23/04/18 15:01:37,h,h
23/04/18 15:01:42,h,t
23/04/18 15:01:47,h,h
23/04/18 15:01:50,h,h
23/04/18 15:01:55,h,t
23/04/18 15:01:58,h,h
23/04/18 15:02:01,h,t
23/04/18 15:02:03,h,t
23/04/18 15:02:06,h,h
23/04/18 15:02:09,h,t
23/04/18 15:02:11,h,h
23/04/18 15:02:14,h,h
23/04/18 15:02:16,h,t
23/04/18 15:02:20,h,h
23/04/18 15:02:24,h,t
23/04/18 15:02:27,h,t
23/04/18 15:02:30,h,t
23/04/18 15:02:34,h,t
23/04/18 15:02:36,h,h
23/04/18 15:02:39,h,t
23/04/18 15:02:45,h,t
23/04/18 15:02:48,h,t
23/04/18 15:02:51,h,t
23/04/18 15:02:56,h,t
23/04/18 15:02:58,h,t
23/04/18 15:03:02,h,t
23/04/18 15:03:06,h,t
23/04/18 15:03:09,h,h
23/04/18 15:03:13,h,h
23/04/18 15:03:16,h,t
23/04/18 15:03:20,h,h
23/04/18 15:03:22,h,t
23/04/18 15:03:25,h,h
23/04/18 15:03:27,h,h
23/04/18 15:03:31,h,h
23/04/18 15:03:33,h,t
23/04/18 15:03:35,h,t
23/04/18 15:03:39,h,t
23/04/18 15:03:42,h,t
23/04/18 15:03:46,h,h
23/04/18 15:03:48,h,t
23/04/18 15:03:54,h,t
23/04/18 15:03:57,h,h
23/04/18 15:04:00,h,h
23/04/18 15:04:03,h,h
23/04/18 15:04:11,h,h
23/04/18 15:04:15,h,t
23/04/18 15:04:17,h,t
23/04/18 15:04:20,h,t
23/04/18 15:04:23,h,t
23/04/18 15:04:27,h,h
23/04/18 15:04:29,h,t
23/04/18 15:04:32,h,h
23/04/18 15:04:35,h,t
23/04/18 15:04:38,h,t
23/04/18 15:04:40,h,h
23/04/18 15:04:43,h,h
23/04/18 15:04:45,h,t
23/04/18 15:04:51,h,h
23/04/18 15:04:54,h,h
23/04/18 15:04:56,h,t
23/04/18 15:04:59,h,t
23/04/18 15:05:01,h,t
23/04/18 15:05:04,h,h
23/04/18 15:05:07,h,t
23/04/18 15:05:10,h,h
23/04/18 15:05:12,h,t
23/04/18 15:05:15,h,t
23/04/18 15:05:17,h,t
23/04/18 15:05:20,h,h
23/04/18 15:05:23,h,h
23/04/18 15:05:26,h,h
23/04/18 15:05:29,h,h
23/04/18 15:05:31,h,h
23/04/18 15:05:34,h,t
23/04/18 15:05:37,h,t
23/04/18 15:05:39,h,h
23/04/18 15:05:43,h,h
23/04/18 15:05:45,h,t
23/04/18 15:05:48,h,t
23/04/18 15:05:51,h,h
23/04/18 15:05:55,h,h
23/04/18 15:06:02,h,h
23/04/18 15:06:04,h,t
23/04/18 15:06:07,h,h
23/04/18 15:06:18,h,t
23/04/18 15:06:24,h,h
23/04/18 15:06:30,h,h
23/04/18 15:06:42,h,t
23/04/18 15:06:44,h,t
23/04/18 15:06:50,h,t
23/04/18 15:06:53,h,t
23/04/18 15:06:56,h,h
23/04/18 15:06:59,h,h
23/04/18 15:07:01,h,t
23/04/18 15:07:05,h,t
23/04/18 15:07:09,h,t
23/04/18 15:07:11,h,h
23/04/18 15:07:14,h,h
23/04/18 15:07:17,h,h
23/04/18 15:07:20,h,h
23/04/18 15:09:16,h,h
23/04/18 15:09:22,h,t
23/04/18 15:09:26,h,h
23/04/18 15:09:29,h,h
23/04/18 15:09:32,h,h
23/04/18 15:09:35,h,t
23/04/18 15:09:38,h,t
23/04/18 15:09:40,h,h
23/04/18 15:09:43,h,h
23/04/18 15:09:46,h,h
23/04/18 15:09:48,h,t
23/04/18 15:09:53,h,t
23/04/18 15:09:57,h,t
23/04/18 15:09:59,h,h
23/04/18 15:10:01,h,h
23/04/18 15:10:04,h,t
23/04/18 15:10:07,h,h
23/04/18 15:10:11,h,t
23/04/18 15:10:15,h,h
23/04/18 15:10:17,h,h
23/04/18 15:10:20,h,t
23/04/18 15:10:26,h,h
23/04/18 15:10:28,h,h
23/04/18 15:10:31,h,h
23/04/18 15:10:34,h,t
23/04/18 15:10:37,h,h
23/04/18 15:10:41,h,h
23/04/18 15:10:43,h,t
23/04/18 15:10:46,h,h
23/04/18 15:10:50,h,h
23/04/18 15:10:53,h,t
23/04/18 15:10:56,h,t
23/04/18 15:10:59,h,h
23/04/18 15:11:03,h,h
23/04/18 15:11:11,h,t
23/04/18 15:11:14,h,h
23/04/18 15:11:16,h,h
23/04/18 15:11:19,h,t
23/04/18 15:11:21,h,h
23/04/18 15:11:24,h,h
23/04/18 15:11:28,h,t
23/04/18 15:11:33,h,t
23/04/18 15:11:39,h,h
23/04/18 15:11:45,h,t
23/04/18 15:11:50,h,h
23/04/18 15:11:54,h,t
23/04/18 15:11:57,h,t
23/04/18 15:11:59,h,t
23/04/18 15:12:03,h,h
23/04/18 15:12:05,h,t
23/04/18 15:12:09,h,t
23/04/18 15:12:12,h,t
23/04/18 15:12:14,h,h
23/04/18 15:12:17,h,h
23/04/18 15:12:19,h,h
23/04/18 15:12:22,h,t
23/04/18 15:12:26,h,t
23/04/18 15:12:28,h,t
23/04/18 15:12:31,h,t
23/04/18 15:12:36,h,h
23/04/18 15:12:38,h,h
23/04/18 15:12:41,h,h
23/04/18 15:12:44,h,t
23/04/18 15:12:52,h,h
23/04/18 15:12:55,h,h
23/04/18 15:12:58,h,h
23/04/18 15:13:00,h,t
23/04/18 15:13:03,h,h
23/04/18 15:13:07,h,t
23/04/18 15:13:09,h,h
23/04/18 15:13:13,h,t
23/04/18 15:13:15,h,h
23/04/18 15:13:20,h,t
23/04/18 15:13:29,h,h
23/04/18 15:13:31,h,t
23/04/18 15:13:36,h,h
23/04/18 15:13:38,h,t
23/04/18 15:13:43,h,t
23/04/18 15:13:45,h,h
23/04/18 15:13:49,h,t
23/04/18 15:13:52,h,t
23/04/18 15:13:55,h,h
23/04/18 15:13:58,h,h
23/04/18 15:14:01,h,t
23/04/18 15:14:05,h,h
23/04/18 15:14:09,h,t
23/04/18 15:14:12,h,h
23/04/18 15:14:14,h,t
23/04/18 15:14:17,h,h
23/04/18 15:14:20,h,t
23/04/18 15:14:23,h,h
23/04/18 15:14:25,h,h
23/04/18 15:14:28,h,t
23/04/18 15:14:31,h,h
23/04/18 15:14:34,h,t
23/04/18 15:14:36,h,h
23/04/18 15:14:41,h,h
23/04/18 15:14:43,h,h
23/04/18 15:14:49,h,t
23/04/18 15:14:51,h,h
23/04/18 15:14:54,h,t
23/04/18 15:14:57,h,h
23/04/18 15:14:59,h,t
23/04/18 15:15:02,h,h
23/04/18 15:15:04,h,h
23/04/18 15:15:07,h,h
23/04/18 15:15:10,h,t
23/04/18 15:15:12,h,h
23/04/18 15:15:15,h,h
23/04/18 15:15:18,h,h
23/04/18 15:15:21,h,t
23/04/18 15:15:25,h,h
23/04/18 15:15:27,h,h
23/04/18 15:15:30,h,h
23/04/18 15:16:08,h,t
23/04/18 15:16:15,h,t
23/04/18 15:16:17,h,t
23/04/18 15:16:21,h,h
23/04/18 15:16:24,h,h
23/04/18 15:16:27,h,h
23/04/18 15:16:29,h,h
23/04/18 15:16:32,h,h
23/04/18 15:16:35,h,h
23/04/18 15:16:38,h,t
23/04/18 15:16:41,h,h
23/04/18 15:16:43,h,h
23/04/18 15:16:46,h,t
23/04/18 15:16:51,h,h
23/04/18 15:16:54,h,t
23/04/18 15:16:56,h,h
23/04/18 15:16:59,h,t
23/04/18 15:17:03,h,t
23/04/18 15:17:05,h,t
23/04/18 15:17:08,h,h
23/04/18 15:17:14,h,t
23/04/18 15:17:17,h,t
23/04/18 15:17:20,h,t
23/04/18 15:17:26,h,h
23/04/18 15:18:35,h,h
23/04/18 15:18:40,h,h
23/04/18 15:18:43,h,t
23/04/18 15:18:46,h,h
23/04/18 15:18:48,h,h
23/04/18 15:18:51,h,h
23/04/18 15:18:53,h,h
23/04/18 15:19:02,h,t
23/04/18 15:19:05,h,t
23/04/18 15:19:08,h,t
23/04/18 15:19:14,h,h
23/04/18 15:19:18,h,t
23/04/18 15:19:21,h,t
23/04/18 15:19:24,h,t
23/04/18 15:19:27,h,t
23/04/18 15:19:31,h,t
23/04/18 15:19:33,h,t
23/04/18 15:19:36,h,h
23/04/18 15:19:39,h,t
23/04/18 15:19:42,h,h
23/04/18 15:19:43,h,t
23/04/18 15:19:47,h,t
23/04/18 15:19:50,h,t
23/04/18 15:19:58,h,h
23/04/18 15:20:00,h,h
23/04/18 15:20:04,h,h
23/04/18 15:20:07,h,h
23/04/18 15:20:09,h,h
23/04/18 15:20:12,h,t
23/04/18 15:20:15,h,h
23/04/18 15:20:21,h,t
23/04/18 15:20:37,h,h
23/04/18 15:20:42,h,t
23/04/18 15:20:45,h,t
23/04/18 15:20:47,h,t
23/04/18 15:20:50,h,t
23/04/18 15:20:53,h,h
23/04/18 15:20:59,h,t
23/04/18 15:21:02,h,h
23/04/18 15:21:06,h,h
23/04/18 15:21:08,h,h
23/04/18 15:21:10,h,t
23/04/18 15:21:14,h,h
23/04/18 15:21:16,h,t
23/04/18 15:21:19,h,t
23/04/18 15:21:22,h,t
23/04/18 15:21:26,h,t
23/04/18 15:21:32,h,t
23/04/18 15:21:35,h,h
23/04/18 15:21:49,h,t
23/04/18 15:21:51,h,h
23/04/18 15:21:54,h,h
23/04/18 15:21:56,h,h
23/04/18 15:21:58,h,t
23/04/18 15:22:02,h,t
23/04/18 15:22:05,h,h
23/04/18 15:22:08,h,h
23/04/18 15:22:11,h,t
23/04/18 15:22:14,h,t
23/04/18 15:22:16,h,h
23/04/18 15:22:19,h,t
23/04/18 15:22:21,h,h
23/04/18 15:22:24,h,t
23/04/18 15:22:30,h,t
23/04/18 15:22:32,h,h
23/04/18 15:22:36,h,h
23/04/18 15:22:38,h,h
23/04/18 15:22:40,h,t
23/04/18 15:22:43,h,t
23/04/18 15:22:46,h,t
23/04/18 15:22:48,h,t
23/04/18 15:22:52,h,t
23/04/18 15:22:57,h,t
23/04/18 15:23:00,h,h
23/04/18 15:23:02,h,t
23/04/18 15:23:05,h,h
23/04/18 15:23:10,h,h
23/04/18 15:23:13,h,h
23/04/18 15:23:15,h,t
23/04/18 15:23:24,h,t
23/04/18 15:23:28,h,t
23/04/18 15:23:30,h,h
23/04/18 15:23:33,h,t
23/04/18 15:23:36,h,t
23/04/18 15:23:42,h,h
23/04/18 15:23:44,h,t
23/04/18 15:23:49,h,h
23/04/18 15:23:51,h,h
23/04/18 15:23:55,h,h
23/04/18 15:23:57,h,t
23/04/18 15:24:01,h,t
23/04/18 15:24:04,h,t
23/04/18 15:24:06,h,h
23/04/18 15:24:10,h,t
23/04/18 15:24:13,h,t
23/04/18 15:24:16,h,t
23/04/18 15:24:18,h,t
23/04/18 15:24:22,h,h
23/04/18 15:24:24,h,t
23/04/18 15:24:27,h,t
23/04/18 15:24:29,h,h
23/04/18 15:24:32,h,t
23/04/18 15:24:36,h,t
23/04/18 15:24:39,h,h
23/04/18 15:24:42,h,t
23/04/18 15:24:45,h,t
23/04/18 15:24:47,h,h
23/04/18 15:24:50,h,t
23/04/18 15:24:53,h,t
23/04/18 15:24:56,h,t
23/04/18 15:24:59,h,h
23/04/18 15:25:02,h,t
23/04/18 15:25:06,h,h
23/04/18 15:25:09,h,t
23/04/18 15:25:12,h,t
23/04/18 15:25:14,h,h
23/04/18 15:25:18,h,h
23/04/18 15:25:21,h,t
23/04/18 15:25:23,h,h
23/04/18 15:25:26,h,h
23/04/18 15:25:28,h,t
23/04/18 15:25:32,h,h
23/04/18 15:25:35,h,t
23/04/18 15:25:37,h,h
23/04/18 15:25:40,h,t
23/04/18 15:25:42,h,h
23/04/18 15:25:45,h,t
23/04/18 15:25:48,h,t
23/04/18 15:25:50,h,h
23/04/18 15:25:53,h,t
23/04/18 15:25:55,h,t
23/04/18 15:26:00,h,t
23/04/18 15:26:03,h,h
23/04/18 15:26:05,h,h
23/04/18 15:26:12,h,h
23/04/18 15:26:16,h,t
23/04/18 15:26:19,h,h
23/04/18 15:26:22,h,h
23/04/18 15:26:24,h,h
23/04/18 15:26:27,h,h
23/04/18 15:26:30,h,t
23/04/18 15:26:32,h,h
23/04/18 15:26:35,h,h
23/04/18 15:26:39,h,t
23/04/18 15:26:42,h,t
23/04/18 15:26:44,h,h
23/04/18 15:26:47,h,t
23/04/18 15:26:50,h,t
23/04/18 15:26:54,h,h
23/04/18 15:26:55,h,h
23/04/18 15:27:03,h,t
23/04/18 15:27:05,h,h
23/04/18 15:27:10,h,t
23/04/18 15:27:13,h,t
23/04/18 15:27:15,h,h
23/04/18 15:27:18,h,h
23/04/18 15:27:20,h,h
23/04/18 15:27:22,h,h
23/04/18 15:27:25,h,t
23/04/18 15:27:28,h,t
23/04/18 15:27:30,h,h
23/04/18 15:27:32,h,h
23/04/18 15:27:39,h,h
23/04/18 15:27:43,h,t
23/04/18 15:27:45,h,h
23/04/18 15:27:48,h,h
23/04/18 15:27:51,h,h
23/04/18 15:27:56,h,t
23/04/18 15:28:00,h,h
23/04/18 15:28:02,h,h
23/04/18 15:28:06,h,h
23/04/18 15:28:08,h,t
23/04/18 15:28:11,h,h
23/04/18 15:28:15,h,h
23/04/18 15:28:18,h,t
23/04/18 15:28:21,h,t
23/04/18 15:28:23,h,t
23/04/18 15:28:27,h,t
23/04/18 15:28:31,h,h
23/04/18 15:28:38,h,h
23/04/18 15:28:40,h,t
23/04/18 15:28:44,h,h
23/04/18 15:28:48,h,t
23/04/18 15:28:52,h,t
23/04/18 15:28:54,h,h
23/04/18 15:28:58,h,h
23/04/18 15:29:01,h,t
23/04/18 15:29:05,h,t
23/04/18 15:29:08,h,t
23/04/18 15:29:10,h,t
23/04/18 15:29:13,h,t
23/04/18 15:29:16,h,h
23/04/18 15:29:18,h,t
23/04/18 15:29:20,h,t
23/04/18 15:29:27,h,t
23/04/18 15:30:51,h,t
23/04/18 15:30:56,h,h
23/04/18 15:31:02,h,t
23/04/18 15:31:05,h,h
23/04/18 15:31:08,h,h
23/04/18 15:31:11,h,t
23/04/18 15:31:15,h,t
23/04/18 15:31:18,h,h
23/04/18 15:31:21,h,h
23/04/18 15:31:25,h,h
23/04/18 15:31:35,h,h
23/04/18 15:31:39,h,t
23/04/18 15:31:46,h,h
23/04/18 15:31:49,h,h
23/04/18 15:31:52,h,t
23/04/18 15:32:11,h,h
23/04/18 15:32:15,h,t
23/04/18 15:32:19,h,t
23/04/18 15:32:23,h,t
23/04/18 15:32:38,h,h
23/04/18 15:32:42,h,t
23/04/18 15:32:48,h,t
23/04/18 15:32:55,h,h
23/04/18 15:33:01,h,t
23/04/18 15:35:14,h,h
23/04/18 15:35:17,h,h
23/04/18 15:35:21,h,h
23/04/18 15:35:28,h,t
23/04/18 15:35:32,h,t
23/04/18 15:35:36,h,t
23/04/18 15:35:42,h,t
23/04/18 15:35:48,h,t
23/04/18 15:35:56,h,t
23/04/18 15:36:00,h,h
23/04/18 15:36:05,h,t
23/04/18 15:36:09,h,t
23/04/18 15:36:13,h,h
23/04/18 15:36:18,h,t
23/04/18 15:36:21,h,t
23/04/18 15:36:23,h,h
23/04/18 15:36:26,h,t
23/04/18 15:36:29,h,h
23/04/18 15:36:31,h,t
23/04/18 15:36:34,h,t
23/04/18 15:36:37,h,t
23/04/18 15:36:41,h,t
23/04/18 15:36:44,h,t
23/04/18 15:36:47,h,t
23/04/18 15:36:50,h,h
23/04/18 15:36:52,h,t
23/04/18 15:36:55,h,h
23/04/18 15:37:00,h,t
23/04/18 15:37:06,h,t
23/04/18 15:37:09,h,h
23/04/18 15:37:11,h,t
23/04/18 15:37:14,h,t
23/04/18 15:37:18,h,h
23/04/18 15:37:21,h,t
23/04/18 15:37:24,h,t
23/04/18 15:37:26,h,t
23/04/18 15:37:28,h,t
23/04/18 15:37:32,h,h
23/04/18 15:37:35,h,t
23/04/18 15:37:41,h,h
23/04/18 15:37:43,h,t
23/04/18 15:37:52,h,t
23/04/18 15:37:56,h,h
23/04/18 15:38:02,h,h
23/04/18 15:38:06,h,t
23/04/18 15:38:09,h,t
23/04/18 15:38:11,h,h
23/04/18 15:38:14,h,h
23/04/18 15:38:18,h,t
23/04/18 15:38:23,h,h
23/04/18 15:38:26,h,h
23/04/18 15:38:30,h,t
23/04/18 15:38:35,h,t
23/04/18 15:38:41,h,h
23/04/18 15:38:44,h,h
23/04/18 15:38:46,h,h
23/04/18 15:38:49,h,h
23/04/18 15:38:53,h,t
23/04/18 15:38:57,h,t
23/04/18 15:39:04,h,h
23/04/18 15:39:10,h,t
23/04/18 15:39:16,h,h
23/04/18 15:39:19,h,t
23/04/18 15:39:22,h,t
23/04/18 15:39:26,h,h
23/04/18 15:39:30,h,t
23/04/18 15:39:33,h,h
23/04/18 15:39:35,h,h
23/04/18 15:39:38,h,h
23/04/18 15:39:40,h,t
23/04/18 15:39:43,h,h
23/04/18 15:39:45,h,t
23/04/18 15:39:49,h,t
23/04/18 15:39:54,h,t
23/04/18 15:39:58,h,t
23/04/18 15:40:01,h,h
23/04/18 15:40:03,h,h
23/04/18 15:40:05,h,t
23/04/18 15:40:09,h,t
23/04/18 15:40:11,h,h
23/04/18 15:40:18,h,t
23/04/18 15:40:22,h,h
23/04/18 15:40:24,h,h
23/04/18 15:40:26,h,h
23/04/18 15:40:30,h,t
23/04/18 15:40:34,h,t
23/04/18 15:40:40,h,t
23/04/18 15:40:42,h,t
23/04/18 15:40:45,h,h
23/04/18 15:40:47,h,t
23/04/18 15:40:50,h,h
23/04/18 15:40:53,h,h
23/04/18 15:40:57,h,t
23/04/18 15:41:00,h,t
23/04/18 15:41:02,h,t
23/04/18 15:41:07,h,h
23/04/18 15:41:10,h,t
23/04/18 15:41:12,h,t
23/04/18 15:41:16,h,t
23/04/18 15:41:19,h,t
23/04/18 15:41:24,h,t
23/04/18 15:41:26,h,t
23/04/18 15:41:30,h,t
23/04/18 15:41:33,h,t
23/04/18 15:41:36,h,h
23/04/18 15:41:39,h,h
23/04/18 15:41:43,h,h
23/04/18 15:41:46,h,t
23/04/18 15:41:48,h,h
23/04/18 15:41:51,h,h
23/04/18 15:41:53,h,t
23/04/18 15:41:56,h,t
23/04/18 15:41:58,h,h
23/04/18 15:42:01,h,h
23/04/18 15:42:06,h,h
23/04/18 15:42:10,h,h
23/04/18 15:42:12,h,t
23/04/18 15:42:16,h,t
23/04/18 15:42:18,h,t
23/04/18 15:42:20,h,t
23/04/18 15:42:23,h,h
23/04/18 15:42:25,h,t
23/04/18 15:42:28,h,h
23/04/18 15:42:31,h,t
23/04/18 15:42:33,h,t
23/04/18 15:42:39,h,h
23/04/18 15:42:42,h,h
23/04/18 15:42:45,h,t
23/04/18 15:42:48,h,t
23/04/18 15:42:51,h,h
23/04/18 15:42:54,h,h
23/04/18 15:42:57,h,t
23/04/18 15:43:00,h,h
23/04/18 15:43:02,h,t
23/04/18 15:43:05,h,h
23/04/18 15:43:08,h,h
23/04/18 15:43:10,h,h
23/04/18 15:43:13,h,h
23/04/18 15:43:18,h,h
23/04/18 15:43:22,h,h
23/04/18 15:43:24,h,h
23/04/18 15:43:27,h,t
23/04/18 15:43:30,h,t
23/04/18 15:43:34,h,t
23/04/18 15:43:37,h,h
23/04/18 15:43:40,h,t
23/04/18 15:43:42,h,t
23/04/18 15:43:46,h,h
23/04/18 15:43:49,h,t
23/04/18 15:43:53,h,t
23/04/18 15:43:58,h,h
23/04/18 15:44:01,h,t
23/04/18 15:44:06,h,t
23/04/18 15:44:11,h,h
23/04/18 15:44:13,h,h
23/04/18 15:44:16,h,h
23/04/18 15:44:18,h,t
23/04/18 15:44:21,h,t
23/04/18 15:44:25,h,t
23/04/18 15:44:29,h,h
23/04/18 15:44:31,h,h
23/04/18 15:44:35,h,t
23/04/18 15:44:39,h,h
23/04/18 15:44:41,h,t
23/04/18 15:44:46,h,t
23/04/18 15:44:48,h,t
23/04/18 15:44:50,h,t
23/04/18 15:44:53,h,h
23/04/18 15:44:56,h,h
23/04/18 15:44:59,h,h
23/04/18 15:45:01,h,t
23/04/18 15:45:03,h,h
23/04/18 15:45:06,h,t
23/04/18 15:45:13,h,h
23/04/18 15:45:16,h,h
23/04/18 15:45:19,h,h
23/04/18 15:45:21,h,h
23/04/18 15:45:24,h,h
23/04/18 15:45:26,h,h
23/04/18 15:45:29,h,t
23/04/18 15:45:32,h,h
23/04/18 15:45:34,h,t
23/04/18 15:45:38,h,t
23/04/18 15:45:40,h,h
23/04/18 15:45:42,h,h
23/04/18 15:45:45,h,t
23/04/18 15:45:48,h,t
23/04/18 15:45:51,h,t
23/04/18 15:45:54,h,t
23/04/18 15:45:59,h,t
23/04/18 15:46:02,h,t
23/04/18 15:46:10,h,t
23/04/18 15:46:12,h,t
23/04/18 15:46:15,h,t
23/04/18 15:46:18,h,h
23/04/18 15:46:21,h,t
23/04/18 15:46:23,h,h
23/04/18 15:46:26,h,t
23/04/18 15:46:29,h,t
23/04/18 15:46:32,h,t
23/04/18 15:46:36,h,t
23/04/18 15:46:40,h,h
23/04/18 15:46:42,h,h
23/04/18 15:46:44,h,h
23/04/18 15:46:48,h,h
23/04/18 15:46:51,h,t
23/04/18 15:46:55,h,h
23/04/18 15:46:57,h,h
23/04/18 15:46:59,h,h
23/04/18 15:47:03,h,t
23/04/18 15:47:05,h,t
23/04/18 15:47:09,h,t
23/04/18 15:47:11,h,t
23/04/18 15:47:18,h,h
23/04/18 15:47:20,h,h
23/04/18 15:47:23,h,h
23/04/18 15:47:25,h,h
23/04/18 15:47:28,h,t
23/04/18 15:47:30,h,t
23/04/18 15:47:33,h,t
23/04/18 15:47:36,h,h
23/04/18 15:47:39,h,t
23/04/18 15:47:41,h,h
23/04/18 15:47:43,h,t
23/04/18 15:47:46,h,h
23/04/18 15:47:50,h,t
23/04/18 15:47:53,h,h
23/04/18 15:47:56,h,t
23/04/18 15:47:59,h,h
23/04/18 15:48:02,h,t
23/04/18 15:48:05,h,h
23/04/18 15:48:13,h,t
23/04/18 15:48:15,h,h
23/04/18 15:48:18,h,t
23/04/18 15:48:20,h,t
23/04/18 15:48:23,h,t
23/04/18 15:48:27,h,t
23/04/18 15:48:30,h,t
23/04/18 15:48:34,h,t
23/04/18 15:48:40,h,h
23/04/18 15:48:42,h,t
23/04/18 15:48:49,h,h
23/04/18 15:48:53,h,t
23/04/18 15:48:58,h,h
23/04/18 15:49:01,h,t
23/04/18 15:49:03,h,h
23/04/18 15:49:06,h,t
23/04/18 15:49:12,h,h
23/04/18 15:49:18,h,t
23/04/18 15:49:28,h,t
23/04/18 15:49:30,h,t
23/04/18 15:49:35,h,h
23/04/18 15:49:37,h,t
23/04/18 15:49:40,h,h
23/04/18 15:49:43,h,t
23/04/18 15:49:47,h,t
23/04/18 15:49:50,h,t
23/04/18 15:49:53,h,t
23/04/18 15:49:55,h,t
23/04/18 15:49:58,h,h
23/04/18 15:50:01,h,t
23/04/18 15:50:03,h,t
23/04/18 15:50:08,h,h
23/04/18 15:50:10,h,h
23/04/18 15:50:15,h,h
23/04/18 15:50:18,h,h
23/04/18 15:50:20,h,t
23/04/18 15:50:23,h,h
23/04/18 15:50:26,h,h
23/04/18 15:50:29,h,h
23/04/18 15:50:34,h,h
23/04/18 15:50:42,h,t
23/04/18 15:50:46,h,t
23/04/18 15:50:48,h,h
23/04/18 15:50:51,h,t
23/04/18 15:50:59,h,h
23/04/18 15:51:03,h,t
23/04/18 15:51:09,h,t
23/04/18 15:51:12,h,h
23/04/18 15:51:14,h,t
23/04/18 15:51:19,h,h
23/04/18 15:51:21,h,t
23/04/18 15:51:26,h,t
23/04/18 15:51:28,h,h
23/04/18 15:51:31,h,h
23/04/18 15:51:34,h,t
23/04/18 15:51:37,h,h
23/04/18 15:51:44,h,h
23/04/18 15:51:49,h,t
23/04/18 15:51:52,h,h
23/04/18 15:51:55,h,t
23/04/18 15:52:01,h,h
23/04/18 15:52:04,h,t
23/04/18 15:52:07,h,h
23/04/18 15:52:09,h,h
23/04/18 15:52:11,h,t
23/04/18 15:52:15,h,t
23/04/18 15:52:18,h,h
23/04/18 15:52:22,h,t
23/04/18 15:52:32,h,t
23/04/18 15:52:39,h,h
23/04/18 15:52:41,h,t
23/04/18 15:52:46,h,t
23/04/18 15:52:49,h,h
23/04/18 15:52:52,h,h
23/04/18 15:52:55,h,t
23/04/18 15:52:59,h,t
23/04/18 15:53:02,h,t
23/04/18 15:53:05,h,t
23/04/18 15:53:10,h,t
23/04/18 16:32:05,t,t
23/04/18 16:32:09,t,t
23/04/18 16:32:12,t,t
23/04/18 16:32:14,t,h
23/04/18 16:32:17,t,t
23/04/18 16:32:20,t,h
23/04/18 16:32:23,t,h
23/04/18 16:32:27,t,h
23/04/18 16:32:29,t,h
23/04/18 16:32:36,t,h
23/04/18 16:32:41,t,h
23/04/18 16:32:44,t,h
23/04/18 16:32:48,t,t
23/04/18 16:32:50,t,h
23/04/18 16:32:55,t,t
23/04/18 16:32:58,t,t
23/04/18 16:33:01,t,t
23/04/18 16:33:03,t,h
23/04/18 16:33:07,t,h
23/04/18 16:33:10,t,h
23/04/18 16:33:13,t,t
23/04/18 16:33:18,t,h
23/04/18 16:33:22,t,t
23/04/18 16:33:24,t,t
23/04/18 16:33:27,t,h
23/04/18 16:33:30,t,t
23/04/18 16:33:32,t,h
23/04/18 16:33:35,t,t
23/04/18 16:33:36,t,t
23/04/18 16:33:39,t,h
23/04/18 16:33:42,t,t
23/04/18 16:33:45,t,h
23/04/18 16:33:50,t,h
23/04/18 16:33:53,t,h
23/04/18 16:33:55,t,t
23/04/18 16:33:58,t,h
23/04/18 16:34:03,t,t
23/04/18 16:34:07,t,h
23/04/18 16:34:12,t,h
23/04/18 16:34:14,t,h
23/04/18 16:34:19,t,t
23/04/18 16:34:21,t,t
23/04/18 16:34:24,t,t
23/04/18 16:34:27,t,t
23/04/18 16:34:29,t,h
23/04/18 16:34:32,t,t
23/04/18 16:34:34,t,t
23/04/18 16:34:37,t,h
23/04/18 16:34:40,t,t
23/04/18 16:34:43,t,h
23/04/18 16:34:46,t,h
23/04/18 16:34:49,t,h
23/04/18 16:34:51,t,t
23/04/18 16:34:55,t,h
23/04/18 16:34:58,t,h
23/04/18 16:35:01,t,h
23/04/18 16:35:03,t,h
23/04/18 16:35:05,t,t
23/04/18 16:35:09,t,h
23/04/18 16:35:11,t,h
23/04/18 16:35:14,t,h
23/04/18 16:35:17,t,h
23/04/18 16:35:21,t,t
23/04/18 16:35:24,t,h
23/04/18 16:35:28,t,t
23/04/18 16:35:30,t,h
23/04/18 16:35:32,t,t
23/04/18 16:35:40,t,h
23/04/18 16:35:43,t,t
23/04/18 16:35:48,t,h
23/04/18 16:35:53,t,h
23/04/18 16:35:56,t,t
23/04/18 16:35:59,t,t
23/04/18 16:36:02,t,t
23/04/18 16:36:04,t,h
23/04/18 16:36:11,t,h
23/04/18 16:36:14,t,h
23/04/18 16:36:17,t,t
23/04/18 16:36:19,t,t
23/04/18 16:36:21,t,t
23/04/18 16:36:24,t,h
23/04/18 16:36:26,t,h
23/04/18 16:36:29,t,t
23/04/18 16:36:32,t,h
23/04/18 16:36:34,t,t
23/04/18 16:36:37,t,h
23/04/18 16:36:39,t,h
23/04/18 16:36:43,t,t
23/04/18 16:36:45,t,h
23/04/18 16:36:48,t,h
23/04/18 16:36:52,t,t
23/04/18 16:36:54,t,t
23/04/18 16:36:57,t,h
23/04/18 16:37:00,t,h
23/04/18 16:37:03,t,h
23/04/18 16:37:06,t,t
23/04/18 16:37:09,t,h
23/04/18 16:37:11,t,h
23/04/18 16:37:14,t,t
23/04/18 16:37:18,t,t
23/04/18 16:37:21,t,t
23/04/18 16:37:23,t,h
23/04/18 16:37:28,t,h
23/04/18 16:37:31,t,h
23/04/18 16:37:34,t,h
23/04/18 16:37:38,t,h
23/04/18 16:37:41,t,h
23/04/18 16:37:44,t,t
23/04/18 16:37:46,t,t
23/04/18 16:37:48,t,h
23/04/18 16:37:51,t,t
23/04/18 16:37:55,t,t
23/04/18 16:37:58,t,t
23/04/18 16:38:02,t,h
23/04/18 16:38:05,t,h
23/04/18 16:38:09,t,h
23/04/18 16:38:13,t,h
23/04/18 16:38:18,t,t
23/04/18 16:38:21,t,h
23/04/18 16:38:24,t,h
23/04/18 16:38:30,t,t
23/04/18 16:38:35,t,t
23/04/18 16:38:38,t,t
23/04/18 16:38:41,t,h
23/04/18 16:38:44,t,h
23/04/18 16:38:52,t,t
23/04/18 16:38:55,t,t
23/04/18 16:38:57,t,t
23/04/18 16:39:00,t,h
23/04/18 16:39:03,t,t
23/04/18 16:39:06,t,h
23/04/18 16:39:13,t,h
23/04/18 16:39:15,t,h
23/04/18 16:39:18,t,t
23/04/18 16:39:21,t,h
23/04/18 16:39:25,t,h
23/04/18 16:39:28,t,h
23/04/18 16:39:31,t,h
23/04/18 16:39:35,t,t
23/04/18 16:39:38,t,h
23/04/18 16:39:44,t,t
23/04/18 16:39:49,t,t
23/04/18 16:39:55,t,t
23/04/18 16:39:58,t,t
23/04/18 16:40:02,t,h
23/04/18 16:40:06,t,t
23/04/18 16:40:08,t,h
23/04/18 16:40:12,t,t
23/04/18 16:40:14,t,h
23/04/18 16:40:19,t,h
23/04/18 16:40:23,t,t
23/04/18 16:40:25,t,h
23/04/18 16:40:28,t,h
23/04/18 16:40:32,t,h
23/04/18 16:40:35,t,h
23/04/18 16:40:37,t,t
23/04/18 16:40:41,t,t
23/04/18 16:40:45,t,h
23/04/18 16:40:47,t,t
23/04/18 16:40:53,t,h
23/04/18 16:41:00,t,h
23/04/18 16:41:04,t,t
23/04/18 16:41:10,t,t
23/04/18 16:41:14,t,t
23/04/18 16:41:18,t,h
23/04/18 16:41:21,t,h
23/04/18 16:41:24,t,t
23/04/18 16:41:28,t,h
23/04/18 16:41:32,t,h
23/04/18 16:41:38,t,h
23/04/18 16:41:46,t,h
23/04/18 16:41:50,t,h
23/04/18 16:41:55,t,t
23/04/18 16:41:57,t,h
23/04/18 16:42:00,t,t
23/04/18 16:42:03,t,h
23/04/18 16:42:06,t,h
23/04/18 16:42:09,t,t
23/04/18 16:42:12,t,t
23/04/18 16:42:14,t,t
23/04/18 16:42:18,t,t
23/04/18 16:42:21,t,t
23/04/18 16:42:24,t,t
23/04/18 16:42:26,t,t
23/04/18 16:42:29,t,h
23/04/18 16:42:34,t,h
23/04/18 16:42:37,t,h
23/04/18 16:42:44,t,t
23/04/18 16:42:48,t,h
23/04/18 16:42:54,t,t
23/04/18 16:42:56,t,h
23/04/18 16:43:03,t,t
23/04/18 16:43:06,t,t
23/04/18 16:43:08,t,h
23/04/18 16:43:11,t,h
23/04/18 16:43:15,t,t
23/04/18 16:43:18,t,t
23/04/18 16:43:21,t,h
23/04/18 16:43:23,t,h
23/04/18 16:43:26,t,t
23/04/18 16:43:29,t,t
23/04/18 16:43:33,t,t
23/04/18 16:43:35,t,h
23/04/18 16:43:39,t,h
23/04/18 16:43:42,t,h
23/04/18 16:43:45,t,t
23/04/18 16:43:47,t,h
23/04/18 16:43:51,t,h
23/04/18 16:43:55,t,h
23/04/18 16:43:57,t,t
23/04/18 16:43:59,t,t
23/04/18 16:44:02,t,t
23/04/18 16:44:04,t,h
23/04/18 16:44:08,t,t
23/04/18 16:44:10,t,h
23/04/18 16:44:13,t,h
23/04/18 16:44:16,t,h
23/04/18 16:44:19,t,h
23/04/18 16:44:23,t,t
23/04/18 16:44:26,t,h
23/04/18 16:44:30,t,t
23/04/18 16:44:38,t,t
23/04/18 16:44:39,t,h
23/04/18 16:44:42,t,h
23/04/18 16:44:45,t,t
23/04/18 16:44:47,t,t
23/04/18 16:44:50,t,h
23/04/18 16:44:56,t,t
23/04/18 16:44:58,t,t
23/04/18 16:45:01,t,t
23/04/18 16:45:04,t,t
23/04/18 16:45:06,t,h
23/04/18 16:45:09,t,h
23/04/18 16:45:13,t,t
23/04/18 16:45:16,t,h
23/04/18 16:45:19,t,h
23/04/18 16:45:23,t,h
23/04/18 16:45:33,t,h
23/04/18 16:45:40,t,t
23/04/18 16:45:43,t,t
23/04/18 16:45:49,t,h
23/04/18 16:45:55,t,h
23/04/18 16:45:58,t,t
23/04/18 16:46:02,t,h
23/04/18 16:46:06,t,h
23/04/18 16:46:09,t,t
23/04/18 16:46:18,t,h
23/04/18 16:46:23,t,h
23/04/18 16:46:25,t,t
23/04/18 16:46:33,t,t
23/04/18 16:46:36,t,h
23/04/18 16:46:40,t,t
23/04/18 16:46:42,t,t
23/04/18 16:46:44,t,t
23/04/18 16:46:54,t,h
23/04/18 16:46:58,t,h
23/04/18 16:47:02,t,h
23/04/18 16:47:05,t,h
23/04/18 16:47:08,t,h
23/04/18 16:47:12,t,h
23/04/18 16:47:16,t,h
23/04/18 16:47:20,t,t
23/04/18 16:47:27,t,h
23/04/18 16:47:31,t,h
23/04/18 16:47:36,t,t
23/04/18 16:47:40,t,h
23/04/18 16:47:43,t,t
23/04/18 16:47:46,t,h
23/04/18 16:47:49,t,t
23/04/18 16:47:53,t,t
23/04/18 16:47:56,t,t
23/04/18 16:47:58,t,h
23/04/18 16:48:01,t,t
23/04/18 16:48:03,t,t
23/04/18 16:48:06,t,t
23/04/18 16:48:09,t,t
23/04/18 16:48:16,t,h
23/04/18 16:48:21,t,h
23/04/18 16:48:26,t,t
23/04/18 16:48:28,t,t
23/04/18 16:48:31,t,h
23/04/18 16:48:36,t,t
23/04/18 16:48:38,t,t
23/04/18 16:48:41,t,t
23/04/18 16:48:43,t,t
23/04/18 16:48:46,t,t
23/04/18 16:48:49,t,h
23/04/18 16:48:52,t,t
23/04/18 16:48:55,t,h
23/04/18 16:48:58,t,t
23/04/18 16:49:00,t,h
23/04/18 16:49:04,t,h
23/04/18 16:49:07,t,h
23/04/18 16:49:10,t,t
23/04/18 16:49:18,t,t
23/04/18 16:49:21,t,t
23/04/18 16:49:24,t,t
23/04/18 16:49:29,t,t
23/04/18 16:49:37,t,h
23/04/18 16:49:41,t,h
23/04/18 16:49:44,t,h
23/04/18 16:49:47,t,t
23/04/18 16:49:50,t,h
23/04/18 16:49:53,t,t
23/04/18 16:49:59,t,h
23/04/18 16:50:02,t,t
23/04/18 16:50:05,t,t
23/04/18 16:50:09,t,t
23/04/18 16:50:13,t,h
23/04/18 16:50:20,t,t
23/04/18 16:50:23,t,h
23/04/18 16:50:26,t,t
23/04/18 16:50:30,t,t
23/04/18 16:50:32,t,h
23/04/18 16:50:35,t,h
23/04/18 16:50:39,t,h
23/04/18 16:50:42,t,t
23/04/18 16:50:44,t,t
23/04/18 16:50:53,t,h
23/04/18 16:51:03,t,h
23/04/18 16:51:07,t,h
23/04/18 16:51:09,t,t
23/04/18 16:51:13,t,t
23/04/18 16:51:21,t,t
23/04/18 16:51:24,t,h
23/04/18 16:51:27,t,h
23/04/18 16:51:31,t,h
23/04/18 16:51:34,t,t
23/04/18 16:51:37,t,t
23/04/18 16:51:40,t,h
23/04/18 16:51:44,t,t
23/04/18 16:51:49,t,t
23/04/18 16:51:52,t,t
23/04/18 16:51:58,t,t
23/04/18 16:53:10,t,h
23/04/18 16:53:29,t,h
23/04/18 16:53:41,t,h
23/04/18 16:53:44,t,t
23/04/18 16:53:50,t,h
23/04/18 16:53:53,t,t
23/04/18 16:53:56,t,h
23/04/18 16:53:58,t,t
23/04/18 16:54:01,t,h
23/04/18 16:54:04,t,t
23/04/18 16:54:06,t,t
23/04/18 16:54:08,t,t
23/04/18 16:54:11,t,t
23/04/18 16:54:13,t,t
23/04/18 16:54:17,t,t
23/04/18 16:54:20,t,t
23/04/18 16:54:23,t,h
23/04/18 16:54:26,t,h
23/04/18 16:54:29,t,h
23/04/18 16:54:32,t,t
23/04/18 16:54:35,t,h
23/04/18 16:54:39,t,t
23/04/18 16:54:44,t,h
23/04/18 16:54:48,t,h
23/04/18 16:54:52,t,h
23/04/18 16:54:56,t,t
23/04/18 16:55:04,t,h
23/04/18 16:55:08,t,t
23/04/18 16:55:13,t,t
23/04/18 16:55:16,t,h
23/04/18 16:55:19,t,h
23/04/18 16:55:23,t,t
23/04/18 16:55:27,t,t
23/04/18 16:55:29,t,t
23/04/18 16:55:32,t,t
23/04/18 16:55:36,t,t
23/04/18 16:55:38,t,t
23/04/18 16:55:41,t,t
23/04/18 16:55:43,t,t
23/04/18 16:55:47,t,h
23/04/18 16:55:50,t,h
23/04/18 16:55:54,t,h
23/04/18 16:55:56,t,t
23/04/18 16:56:00,t,t
23/04/18 16:56:03,t,t
23/04/18 16:56:06,t,t
23/04/18 16:56:09,t,h
23/04/18 16:56:12,t,t
23/04/18 16:56:16,t,t
23/04/18 16:56:24,t,t
23/04/18 16:56:26,t,h
23/04/18 16:56:30,t,t
23/04/18 16:56:32,t,t
23/04/18 16:56:36,t,t
23/04/18 16:56:38,t,h
23/04/18 16:56:44,t,t
23/04/18 16:56:51,t,h
23/04/18 16:56:58,t,t
23/04/18 16:57:01,t,h
23/04/18 16:57:04,t,h
23/04/18 16:57:07,t,h
23/04/18 16:57:10,t,h
23/04/18 16:57:14,t,t
23/04/18 16:57:18,t,t
23/04/18 16:57:21,t,h
23/04/18 16:57:24,t,t
23/04/18 16:57:32,t,t
23/04/18 16:57:37,t,t
23/04/18 16:57:42,t,t
23/04/18 16:57:50,t,t
23/04/18 16:57:53,t,t
23/04/18 16:57:57,t,t
23/04/18 16:58:00,t,h
23/04/18 16:58:05,t,h
23/04/18 16:58:08,t,h
23/04/18 16:58:14,t,h
23/04/18 16:58:19,t,t
23/04/18 16:58:21,t,t
23/04/18 16:58:24,t,t
23/04/18 16:58:29,t,t
23/04/18 16:58:36,t,t
23/04/18 16:58:42,t,t
23/04/18 16:58:45,t,t
23/04/18 16:58:49,t,h
23/04/18 16:58:52,t,h
23/04/18 16:58:55,t,h
23/04/18 16:59:00,t,t
23/04/18 16:59:02,t,h
23/04/18 16:59:05,t,h
23/04/18 16:59:08,t,t
23/04/18 16:59:11,t,t
23/04/18 16:59:14,t,h
23/04/18 16:59:18,t,h
23/04/18 16:59:20,t,h
23/04/18 16:59:24,t,t
23/04/18 16:59:27,t,h
23/04/18 16:59:30,t,t
23/04/18 16:59:34,t,h
23/04/18 16:59:37,t,h
23/04/18 16:59:43,t,h
23/04/18 16:59:46,t,t
23/04/18 16:59:49,t,t
23/04/18 16:59:51,t,t
23/04/18 16:59:56,t,h
23/04/18 17:00:00,t,h
23/04/18 17:00:03,t,t
23/04/18 17:00:06,t,t
23/04/18 17:00:10,t,h
23/04/18 17:00:17,t,t
23/04/18 17:00:20,t,h
23/04/18 17:00:25,t,h
23/04/18 17:00:29,t,h
23/04/18 17:00:35,t,h
23/04/18 17:00:39,t,t
23/04/18 17:00:42,t,h
23/04/18 17:00:53,t,h
23/04/18 17:00:59,t,h
23/04/18 17:01:02,t,t
23/04/18 17:01:05,t,h
23/04/18 17:01:08,t,t
23/04/18 17:01:11,t,t
23/04/18 17:01:14,t,t
23/04/18 17:01:16,t,t
23/04/18 17:01:19,t,h
23/04/18 17:01:22,t,h
23/04/18 17:01:28,t,h
23/04/18 17:01:31,t,t
23/04/18 17:01:35,t,t
23/04/18 17:01:39,t,h
23/04/18 17:01:42,t,t
23/04/18 17:01:46,t,h
23/04/18 17:01:49,t,h
23/04/18 17:01:53,t,t
23/04/18 17:01:56,t,h
23/04/18 17:02:00,t,h
23/04/18 17:02:03,t,t
23/04/18 17:02:07,t,h
23/04/18 17:02:11,t,h
23/04/18 17:02:14,t,t
23/04/18 17:02:18,t,h
23/04/18 17:02:21,t,h
23/04/18 17:02:23,t,t
23/04/18 17:02:27,t,h
23/04/18 17:02:30,t,h
23/04/18 17:02:33,t,h
23/04/18 17:02:37,t,t
23/04/18 17:02:39,t,h
23/04/18 17:02:42,t,t
23/04/18 17:02:48,t,h
23/04/18 17:02:51,t,t
23/04/18 17:02:54,t,h
23/04/18 17:02:58,t,t
23/04/18 17:03:00,t,t
23/04/18 17:03:03,t,h
23/04/18 17:03:06,t,t
23/04/18 17:03:09,t,t
23/04/18 17:03:12,t,h
23/04/18 17:03:16,t,h
23/04/18 17:03:19,t,h
23/04/18 17:03:22,t,t
23/04/18 17:03:25,t,t
23/04/18 17:03:27,t,h
23/04/18 17:03:31,t,t
23/04/18 17:03:34,t,h
23/04/18 17:03:37,t,h
23/04/18 17:03:42,t,h
23/04/18 17:03:47,t,t
23/04/18 17:03:49,t,h
23/04/18 17:03:52,t,h
23/04/18 17:03:56,t,t
23/04/18 17:04:02,t,h
23/04/18 17:04:06,t,h
23/04/18 17:04:10,t,h
23/04/18 17:04:13,t,h
23/04/18 17:04:16,t,h
23/04/18 17:04:19,t,h
23/04/18 17:04:23,t,h
23/04/18 17:04:26,t,t
23/04/18 17:04:31,t,h
23/04/18 17:04:35,t,t
23/04/18 17:04:43,t,h
23/04/18 17:04:46,t,h
23/04/18 17:04:52,t,t
23/04/18 17:04:55,t,t
23/04/18 17:05:02,t,h
23/04/18 17:05:05,t,t
23/04/18 17:05:07,t,t
23/04/18 17:05:10,t,h
23/04/18 17:05:14,t,h
23/04/18 17:05:17,t,h
23/04/18 17:05:23,t,t
23/04/18 17:05:27,t,h
23/04/18 17:05:30,t,t
23/04/18 17:05:33,t,t
23/04/18 17:05:43,t,h
23/04/18 17:05:46,t,t
23/04/18 17:05:51,t,t
23/04/18 17:06:13,t,t
23/04/18 17:06:59,t,h
23/04/18 17:07:04,t,t
23/04/18 17:07:06,t,t
23/04/18 17:07:09,t,h
23/04/18 17:07:13,t,h
23/04/18 17:07:16,t,t
23/04/18 17:07:20,t,h
23/04/18 17:07:23,t,h
23/04/18 17:07:28,t,h
23/04/18 17:07:33,t,h
23/04/18 17:07:35,t,t
23/04/18 17:07:39,t,h
23/04/18 17:07:43,t,t
23/04/18 17:07:46,t,h
23/04/18 17:07:51,t,t
23/04/18 17:07:53,t,h
23/04/18 17:07:57,t,h
23/04/18 17:08:01,t,t
23/04/18 17:08:03,t,t
23/04/18 17:08:10,t,h
23/04/18 17:08:28,t,h
23/04/18 17:08:32,t,t
23/04/18 17:08:36,t,h
23/04/18 17:08:39,t,h
23/04/18 17:08:41,t,h
23/04/18 17:08:47,t,h
23/04/18 17:08:50,t,t
23/04/18 17:08:53,t,t
23/04/18 17:08:55,t,t
23/04/18 17:09:01,t,h
23/04/18 17:09:05,t,h
23/04/18 17:09:10,t,h
23/04/18 17:09:16,t,h
23/04/18 17:09:20,t,t
23/04/18 17:09:28,t,h
23/04/18 17:09:38,t,t
23/04/18 17:09:55,t,h
23/04/18 17:10:00,t,h
23/04/18 17:10:06,t,t
23/04/18 17:10:09,t,h
23/04/18 17:10:13,t,t
23/04/18 17:10:16,t,h
23/04/18 17:10:20,t,h
23/04/18 17:10:22,t,t
23/04/18 17:10:26,t,h
23/04/18 17:10:30,t,t
23/04/18 17:10:32,t,t
23/04/18 17:10:35,t,h
23/04/18 17:10:42,t,h
23/04/18 17:10:46,t,t
23/04/18 17:10:48,t,h
23/04/18 17:10:51,t,h
23/04/18 17:11:00,t,t
23/04/18 17:11:06,t,h
23/04/18 17:11:13,t,t
23/04/18 17:11:15,t,h
23/04/18 17:11:19,t,h
23/04/18 17:11:24,t,t
23/04/18 17:11:27,t,t
23/04/18 17:11:30,t,t
23/04/18 17:11:33,t,t
23/04/18 17:11:36,t,h
23/04/18 17:11:41,t,h
23/04/18 17:11:43,t,h
23/04/18 17:11:46,t,t
23/04/18 17:11:50,t,h
23/04/18 17:11:55,t,h
23/04/18 17:11:59,t,t
23/04/18 17:12:02,t,h
23/04/18 17:12:07,t,h
23/04/18 17:12:11,t,h
23/04/18 17:12:13,t,h
23/04/18 17:12:16,t,t
23/04/18 17:12:19,t,h
23/04/18 17:12:22,t,t
23/04/18 17:12:25,t,h
23/04/18 17:12:29,t,t
23/04/18 17:12:32,t,t
23/04/18 17:12:35,t,h
23/04/18 17:12:39,t,h
23/04/18 17:12:42,t,h
23/04/18 17:12:45,t,h
23/04/18 17:12:48,t,t
23/04/18 17:12:51,t,t
23/04/18 17:12:55,t,t
23/04/18 17:12:58,t,t
23/04/18 17:13:01,t,h
23/04/18 17:13:18,t,h
23/04/18 17:13:23,t,h
23/04/18 17:13:26,t,t
23/04/18 17:13:28,t,t
23/04/18 17:13:32,t,t
23/04/18 17:13:35,t,t
23/04/18 17:13:39,t,t
23/04/18 17:13:42,t,t
23/04/18 17:13:45,t,t
23/04/18 17:13:48,t,h
23/04/18 17:13:51,t,t
23/04/18 17:13:54,t,t
23/04/18 17:13:59,t,t
23/04/18 17:14:04,t,h
23/04/18 17:14:12,t,t
23/04/18 17:14:15,t,t
23/04/18 17:14:17,t,h
23/04/18 17:14:21,t,h
23/04/18 17:14:24,t,h
23/04/18 17:14:27,t,h
23/04/18 17:14:34,t,t
23/04/18 17:14:36,t,t
23/04/18 17:14:39,t,h
23/04/18 17:15:31,t,h
23/04/18 17:16:17,t,h
23/04/18 17:16:20,t,t
23/04/18 17:16:27,t,t
23/04/18 17:16:29,t,t
23/04/18 17:16:32,t,h
23/04/18 17:16:36,t,t
23/04/18 17:16:40,t,t
23/04/18 17:17:09,t,t
23/04/18 17:17:13,t,h
23/04/18 17:17:16,t,h
23/04/18 17:17:20,t,t
23/04/18 17:17:24,t,h
23/04/18 17:17:26,t,h
23/04/18 17:17:31,t,t
23/04/18 17:17:34,t,t
23/04/18 17:17:37,t,t
23/04/18 17:17:40,t,t
23/04/18 17:17:42,t,h
23/04/18 17:17:46,t,h
23/04/18 17:17:49,t,h
23/04/18 17:17:52,t,t
23/04/18 17:17:58,t,h
23/04/18 17:18:03,t,t
23/04/18 17:20:20,t,t
23/04/18 17:20:24,t,t
23/04/18 17:20:26,t,h
23/04/18 17:20:30,t,t
23/04/18 17:20:32,t,t
23/04/18 17:20:38,t,t
23/04/18 17:20:42,t,h
23/04/18 17:20:46,t,t
23/04/18 17:20:48,t,t
23/04/18 17:20:51,t,h
23/04/18 17:20:54,t,h
23/04/18 17:20:57,t,h
23/04/18 17:21:00,t,h
23/04/18 17:21:04,t,h
23/04/18 17:21:08,t,t
23/04/18 17:21:15,t,h
23/04/18 17:21:18,t,t
23/04/18 17:21:21,t,h
23/04/18 17:21:26,t,h
23/04/18 17:21:32,t,t
23/04/18 17:21:36,t,h
23/04/18 17:21:39,t,t
23/04/18 17:21:42,t,h
23/04/18 17:21:45,t,h
23/04/18 17:21:49,t,h
23/04/18 17:21:52,t,h
23/04/18 17:21:56,t,t
23/04/18 17:21:59,t,h
23/04/18 17:22:02,t,h
23/04/18 17:22:07,t,h
23/04/18 17:22:17,t,t
23/04/18 17:22:26,t,t
23/04/18 17:22:30,t,h
23/04/18 17:22:37,t,h
23/04/18 17:22:40,t,t
23/04/18 17:22:44,t,h
23/04/18 17:22:47,t,t
23/04/18 17:22:49,t,t
23/04/18 17:22:52,t,t
23/04/18 17:22:55,t,t
23/04/18 17:22:59,t,t
23/04/18 17:23:05,t,t
23/04/18 17:23:09,t,h
23/04/18 17:23:12,t,h
23/04/18 17:23:18,t,h
23/04/18 17:23:23,t,t
23/04/18 17:23:26,t,t
23/04/18 17:23:29,t,h
23/04/18 17:23:32,t,h
23/04/18 17:23:37,t,h
23/04/18 17:23:39,t,h
23/04/18 17:23:42,t,t
23/04/18 17:23:45,t,h
23/04/18 17:23:48,t,h
23/04/18 17:23:51,t,t
23/04/18 17:23:55,t,t
23/04/18 17:24:01,t,h
23/04/18 17:24:07,t,h
23/04/18 17:24:10,t,h
23/04/18 17:24:13,t,t
23/04/18 17:24:16,t,t
23/04/18 17:24:19,t,h
23/04/18 17:24:23,t,t
23/04/18 17:24:26,t,h
23/04/18 17:24:30,t,t
23/04/18 17:24:32,t,h
23/04/18 17:24:36,t,t
23/04/18 17:24:38,t,h
23/04/18 17:24:42,t,t
23/04/18 17:24:44,t,t
23/04/18 17:24:46,t,t
23/04/18 17:24:50,t,t
23/04/18 17:24:52,t,t
23/04/18 17:24:55,t,h
23/04/18 17:25:00,t,h
23/04/18 17:25:03,t,t
23/04/18 17:25:06,t,h
23/04/18 17:25:09,t,h
23/04/18 17:25:12,t,t
23/04/18 17:25:15,t,h
23/04/18 17:25:18,t,h
23/04/18 17:25:23,t,t
23/04/18 17:25:27,t,h
23/04/18 17:25:30,t,t
23/04/18 17:25:35,t,t
23/04/18 17:25:37,t,t
23/04/18 17:25:40,t,t
23/04/18 17:25:42,t,h
23/04/18 17:25:46,t,t
23/04/18 17:25:51,t,h
23/04/18 17:25:56,t,h
23/04/18 17:25:58,t,h
23/04/18 17:26:01,t,t
23/04/18 17:26:37,t,t
23/04/18 17:26:40,t,t
23/04/18 17:26:43,t,t
23/04/18 17:26:47,t,h
23/04/18 17:26:50,t,h
23/04/18 17:26:54,t,t
23/04/18 17:26:58,t,h
23/04/18 17:27:01,t,t
23/04/18 17:27:04,t,t
23/04/18 17:27:10,t,h
23/04/18 17:27:12,t,h
23/04/18 17:27:17,t,t
23/04/18 17:27:20,t,h
23/04/18 17:27:23,t,t
23/04/18 17:27:26,t,h
23/04/18 17:27:29,t,t
23/04/18 17:27:32,t,t
23/04/18 17:27:45,t,h
23/04/18 17:27:49,t,t
23/04/18 17:27:51,t,h
23/04/18 17:27:53,t,t
23/04/18 17:27:56,t,h
23/04/18 17:27:59,t,t
23/04/18 17:28:02,t,t
23/04/18 17:28:05,t,t
23/04/18 17:28:08,t,h
23/04/18 17:28:11,t,t
23/04/18 17:28:13,t,t
23/04/18 17:28:17,t,h
23/04/18 17:28:21,t,h
23/04/18 17:28:25,t,h
23/04/18 17:28:28,t,h
23/04/18 17:28:31,t,h
23/04/18 17:28:35,t,t
23/04/18 17:28:37,t,h
23/04/18 17:28:41,t,t
23/04/18 17:28:44,t,t
23/04/18 17:28:47,t,t
23/04/18 17:28:54,t,t
23/04/18 17:28:57,t,t
23/04/18 17:29:00,t,t
23/04/18 17:30:22,t,t
23/04/18 17:30:29,t,h
23/04/18 17:30:35,t,t
23/04/18 17:30:40,t,h
23/04/18 17:30:43,t,t
23/04/18 17:30:46,t,h
23/04/18 17:30:48,t,h
23/04/18 17:30:53,t,t
23/04/18 17:30:56,t,t
23/04/18 17:30:58,t,h
23/04/18 17:31:01,t,t
23/04/18 17:31:04,t,t
23/04/18 17:31:07,t,h
23/04/18 17:31:14,t,t
23/04/18 17:31:22,t,h
23/04/18 17:31:25,t,h
23/04/18 17:31:28,t,t
23/04/18 17:31:36,t,h
23/04/18 17:31:39,t,t
23/04/18 17:31:46,t,t
23/04/18 17:31:51,t,h
23/04/18 17:31:56,t,h
23/04/18 17:32:02,t,h
23/04/18 17:32:07,t,h
23/04/18 17:32:10,t,h
23/04/18 17:32:14,t,h
23/04/18 17:32:19,t,t
23/04/18 17:32:57,t,e
23/04/18 17:34:06,t,h
23/04/18 17:34:16,t,h
23/04/18 17:34:21,t,h
23/04/18 17:34:25,t,t
23/04/18 17:34:29,t,t
23/04/18 17:35:00,t,t
23/04/18 17:35:23,t,t
23/04/18 17:35:27,t,h
23/04/18 17:35:31,t,t
23/04/18 17:35:35,t,h
23/04/18 17:35:39,t,h
23/04/18 17:35:44,t,t
23/04/18 17:36:16,t,h
23/04/18 17:37:23,t,h
23/04/18 17:37:30,t,h
23/04/18 17:37:33,t,h
23/04/18 17:37:36,t,h
23/04/18 17:37:39,t,h
23/04/18 17:37:42,t,h
23/04/18 17:37:46,t,t
23/04/18 17:37:48,t,h
23/04/18 17:38:07,t,t
23/04/18 17:38:10,t,t
23/04/18 17:38:13,t,h
23/04/18 17:38:21,t,h
23/04/18 17:38:29,t,h
23/04/18 17:38:34,t,h
23/04/18 17:38:42,t,t
23/04/18 17:38:44,t,h
23/04/18 17:38:48,t,h
23/04/18 17:38:52,t,t
23/04/18 17:38:58,t,t
23/04/18 17:39:00,t,h
23/04/18 17:39:09,t,h
23/04/18 17:39:12,t,t
23/04/18 17:39:18,t,t
23/04/18 17:39:21,t,t
23/04/18 17:39:23,t,t
23/04/18 17:39:26,t,h
23/04/18 17:39:32,t,h
23/04/18 17:39:42,t,t
23/04/18 17:39:47,t,h
23/04/18 17:39:53,t,t
23/04/18 17:39:55,t,h
23/04/18 17:39:59,t,t
23/04/18 17:40:01,t,t
23/04/18 17:40:04,t,h
23/04/18 17:40:09,t,h
23/04/18 17:40:13,t,h
23/04/18 17:40:15,t,h
23/04/18 17:40:19,t,t
23/04/18 17:40:24,t,t
23/04/18 17:40:32,t,t
23/04/18 17:40:35,t,h
23/04/18 17:40:40,t,h
23/04/18 17:40:47,t,t
23/04/18 17:40:50,t,h
23/04/18 17:40:53,t,t
23/04/18 17:40:55,t,t
23/04/18 17:40:58,t,h
23/04/18 17:41:02,t,t
23/04/18 17:41:04,t,t
23/04/18 17:41:08,t,h
23/04/18 17:41:13,t,h
23/04/18 17:41:19,t,t
23/04/18 17:41:22,t,t
23/04/18 17:41:25,t,h
23/04/18 17:41:32,t,h
23/04/18 17:41:38,t,h
23/04/18 17:41:41,t,t
23/04/18 17:41:45,t,t
23/04/18 17:41:49,t,t
23/04/18 17:41:51,t,t
23/04/18 17:41:54,t,t
23/04/18 17:41:58,t,h
23/04/18 17:42:06,t,h
23/04/18 17:42:12,t,h
23/04/18 17:42:17,t,t
23/04/18 17:42:20,t,h
23/04/18 17:42:23,t,h
23/04/18 17:42:26,t,h
23/04/18 17:42:37,t,h
23/04/18 17:42:46,t,h
23/04/18 17:42:52,t,t
23/04/18 17:42:57,t,h
23/04/18 17:43:01,t,t
23/04/18 17:43:08,t,t
23/04/18 17:43:11,t,h
23/04/18 17:43:16,t,t
23/04/18 17:43:19,t,t
23/04/18 17:43:22,t,t
23/04/18 17:43:26,t,t
23/04/18 17:43:29,t,t
23/04/18 17:43:33,t,t
23/04/18 17:43:35,t,h
23/04/18 17:43:40,t,h
23/04/18 17:43:44,t,h
23/04/18 17:43:53,t,t
23/04/18 17:43:58,t,h
23/04/18 17:44:06,t,t
23/04/18 17:44:10,t,t
23/04/18 17:44:14,t,h
23/04/18 17:44:17,t,t
23/04/18 17:44:24,t,h
23/04/18 17:44:28,t,h
23/04/18 17:44:32,t,t
23/04/18 17:44:34,t,h
23/04/18 17:44:38,t,h
23/04/18 17:44:42,t,t
23/04/18 17:44:46,t,t
23/04/18 17:44:48,t,t
23/04/18 17:44:51,t,h
23/04/18 17:44:55,t,t
23/04/18 17:44:58,t,h
23/04/18 17:45:03,t,t
23/04/18 17:45:09,t,h
23/04/18 17:45:18,t,h
23/04/18 17:45:21,t,t
23/04/18 17:45:24,t,h
23/04/18 17:45:28,t,h
23/04/18 17:45:31,t,h
23/04/18 17:45:34,t,h
23/04/18 17:45:39,t,t
23/04/18 17:45:43,t,h
23/04/18 17:45:47,t,h
23/04/18 17:45:51,t,t
23/04/18 17:45:54,t,t
23/04/18 17:46:03,t,t
23/04/18 17:46:06,t,h
23/04/18 17:46:12,t,h
23/04/18 17:46:15,t,h
23/04/18 17:46:22,t,t
23/04/18 17:46:25,t,t
23/04/18 17:46:27,t,t
23/04/18 17:46:30,t,t
23/04/18 17:46:34,t,t
23/04/18 17:46:36,t,t
23/04/18 17:46:39,t,h
23/04/18 17:46:43,t,t
23/04/18 17:46:45,t,t
23/04/18 17:46:52,t,h
23/04/18 17:46:56,t,t
23/04/18 17:46:58,t,t
23/04/18 17:47:02,t,h
23/04/18 17:47:05,t,h
23/04/18 17:47:09,t,h
23/04/18 17:47:12,t,t
23/04/18 17:47:14,t,h
23/04/18 17:47:17,t,h
23/04/18 17:47:20,t,h
23/04/18 17:47:23,t,h
23/04/18 17:47:27,t,t
23/04/18 17:47:29,t,t
23/04/18 17:47:32,t,t
23/04/18 17:47:35,t,h
23/04/18 17:47:38,t,t
23/04/18 17:47:42,t,t
23/04/18 17:47:46,t,h
23/04/18 17:47:48,t,t
23/04/18 17:47:51,t,h
23/04/18 17:47:54,t,t
23/04/18 17:47:57,t,t
23/04/18 17:47:59,t,h
23/04/18 17:48:02,t,h
23/04/18 17:48:09,t,t
23/04/18 17:48:19,t,h
23/04/18 17:48:24,t,h
23/04/18 17:48:32,t,h
23/04/18 17:48:35,t,t
23/04/18 17:49:07,t,t
23/04/18 17:49:11,t,t
23/04/18 17:49:17,t,t
23/04/18 20:45:21,h,t
23/04/18 20:45:29,h,h
23/04/18 20:45:40,h,h
23/04/18 20:45:44,h,t
23/04/18 20:45:49,h,h
23/04/18 20:45:54,h,t
23/04/18 20:45:57,h,h
23/04/18 20:46:04,h,h
23/04/18 20:46:09,h,h
23/04/18 20:46:13,h,t
23/04/18 20:46:19,h,h
23/04/18 20:46:26,h,t
23/04/18 20:46:31,h,h
23/04/18 20:46:35,h,h
23/04/18 20:46:40,h,h
23/04/18 20:46:42,h,t
23/04/18 20:46:45,h,t
23/04/18 20:46:49,h,h
23/04/18 20:46:53,h,t
23/04/18 20:47:01,h,h
23/04/18 20:47:04,h,t
23/04/18 20:47:08,h,t
23/04/18 20:47:10,h,t
23/04/18 20:47:12,h,t
23/04/18 20:47:27,h,t
23/04/18 20:47:30,h,t
23/04/18 20:47:33,h,t
23/04/18 20:47:37,h,t
23/04/18 20:47:40,h,h
23/04/18 20:47:43,h,h
23/04/18 20:47:47,h,h
23/04/18 20:47:53,h,h
23/04/18 20:47:57,h,t
23/04/18 20:48:00,h,t
23/04/18 20:48:02,h,t
23/04/18 20:48:05,h,t
23/04/18 20:48:12,h,t
23/04/18 20:48:17,h,h
23/04/18 20:48:20,h,t
23/04/18 20:48:23,h,t
23/04/18 20:48:25,h,h
23/04/18 20:48:28,h,h
23/04/18 20:48:31,h,t
23/04/18 20:48:35,h,t
23/04/18 20:48:42,h,h
23/04/18 20:48:44,h,h
23/04/18 20:48:47,h,h
23/04/18 20:48:50,h,h
23/04/18 20:48:52,h,t
23/04/18 20:48:56,h,t
23/04/18 20:48:59,h,t
23/04/18 20:49:02,h,h
23/04/18 20:49:05,h,h
23/04/18 20:49:07,h,h
23/04/18 20:49:10,h,t
23/04/18 20:49:14,h,h
23/04/18 20:49:16,h,t
23/04/18 20:49:20,h,t
23/04/18 20:49:23,h,h
23/04/18 20:49:30,h,h
23/04/18 20:49:34,h,h
23/04/18 20:49:36,h,t
23/04/18 20:49:40,h,t
23/04/18 20:49:42,h,h
23/04/18 20:49:50,h,t
23/04/18 20:50:02,h,h
23/04/18 20:50:05,h,h
23/04/18 20:50:08,h,h
23/04/18 20:50:17,h,h
23/04/18 20:50:22,h,t
23/04/18 20:50:26,h,h
23/04/18 20:50:29,h,h
23/04/18 20:50:36,h,h
23/04/18 20:50:42,h,h
23/04/18 20:50:46,h,t
23/04/18 20:50:50,h,h
23/04/18 20:50:53,h,h
23/04/18 20:50:56,h,t
23/04/18 20:51:00,h,t
23/04/18 20:51:02,h,h
23/04/18 20:51:05,h,h
23/04/18 20:51:11,h,h
23/04/18 20:51:17,h,h
23/04/18 20:51:20,h,t
23/04/18 20:51:24,h,h
23/04/18 20:51:27,h,h
23/04/18 20:51:29,h,h
23/04/18 20:51:35,h,h
23/04/18 20:51:48,h,h
23/04/18 20:51:53,h,t
23/04/18 20:52:03,h,h
23/04/18 20:52:05,h,t
23/04/18 20:52:20,h,h
23/04/18 20:52:25,h,h
23/04/18 20:52:32,h,t
23/04/18 20:52:35,h,h
23/04/18 20:52:39,h,h
23/04/18 20:52:57,h,h
23/04/18 20:53:00,h,h
23/04/18 20:53:08,h,h
23/04/18 20:53:11,h,h
23/04/18 20:53:14,h,h
23/04/18 20:53:19,h,t
23/04/18 20:53:23,h,t
23/04/18 20:53:27,h,t
23/04/18 20:53:31,h,h
23/04/18 20:53:33,h,h
23/04/18 20:53:37,h,t
23/04/18 20:53:41,h,t
23/04/18 20:53:45,h,t
23/04/18 20:53:49,h,h
23/04/18 20:53:54,h,t
23/04/18 20:54:02,h,h
23/04/18 20:54:05,h,t
23/04/18 20:54:08,h,h
23/04/18 20:54:14,h,t
23/04/18 20:54:24,h,h
23/04/18 20:54:30,h,t
23/04/18 20:54:34,h,t
23/04/18 20:54:37,h,h
23/04/18 20:54:45,h,t
23/04/18 20:54:48,h,h
23/04/18 20:54:51,h,h
23/04/18 20:54:54,h,t
23/04/18 20:55:00,h,h
23/04/18 20:55:08,h,t
23/04/18 20:55:12,h,h
23/04/18 20:55:15,h,h
23/04/18 20:55:18,h,t
23/04/18 20:55:21,h,t
23/04/18 20:55:24,h,h
23/04/18 20:55:27,h,t
23/04/18 20:55:31,h,t
23/04/18 20:55:34,h,h
23/04/18 20:55:37,h,t
23/04/18 20:55:41,h,h
23/04/18 20:55:46,h,h
23/04/18 20:55:52,h,h
23/04/18 20:55:54,h,h
23/04/18 20:55:58,h,h
23/04/18 20:56:00,h,h
23/04/18 20:56:03,h,t
23/04/18 20:56:08,h,t
23/04/18 20:56:11,h,h
23/04/18 20:56:14,h,t
23/04/18 20:56:18,h,h
23/04/18 20:56:21,h,t
23/04/18 20:56:24,h,t
23/04/18 20:56:28,h,t
23/04/18 20:56:31,h,h
23/04/18 20:56:42,h,t
23/04/18 20:56:46,h,h
23/04/18 20:56:49,h,t
23/04/18 20:56:52,h,t
23/04/18 20:56:55,h,t
23/04/18 20:56:58,h,t
23/04/18 20:57:01,h,h
23/04/18 20:57:04,h,h
23/04/18 20:57:07,h,h
23/04/18 20:57:09,h,t
23/04/18 20:57:12,h,h
23/04/18 20:57:15,h,h
23/04/18 20:57:19,h,t
23/04/18 20:57:23,h,h
23/04/18 20:57:35,h,t
23/04/18 20:57:38,h,t
23/04/18 20:57:40,h,h
23/04/18 20:57:43,h,h
23/04/18 20:57:47,h,t
23/04/18 20:57:49,h,t
23/04/18 20:57:53,h,h
23/04/18 20:57:56,h,h
23/04/18 20:58:00,h,t
23/04/18 20:58:10,h,h
23/04/18 20:58:13,h,t
23/04/18 20:58:17,h,h
23/04/18 20:58:20,h,h
23/04/18 20:58:23,h,h
23/04/18 20:58:26,h,h
23/04/18 20:58:29,h,t
23/04/18 20:58:33,h,h
23/04/18 20:58:36,h,t
23/04/18 20:58:38,h,t
23/04/18 20:58:41,h,h
23/04/18 20:58:45,h,h
23/04/18 20:58:51,h,h
23/04/18 20:58:54,h,h
23/04/18 20:58:59,h,t
23/04/18 20:59:01,h,h
23/04/18 20:59:04,h,t
23/04/18 20:59:08,h,h
23/04/18 20:59:16,h,h
23/04/18 20:59:19,h,h
23/04/18 20:59:25,h,h
23/04/18 20:59:29,h,t
23/04/18 20:59:32,h,t
23/04/18 20:59:36,h,h
23/04/18 20:59:39,h,t
23/04/18 20:59:43,h,h
23/04/18 20:59:50,h,t
23/04/18 20:59:53,h,h
23/04/18 20:59:57,h,t
23/04/18 21:00:02,h,h
23/04/18 21:00:05,h,h
23/04/18 21:00:08,h,h
23/04/18 21:00:13,h,t
23/04/18 21:00:17,h,h
23/04/18 21:00:21,h,t
23/04/18 21:00:25,h,t
23/04/18 21:00:30,h,h
23/04/18 21:00:33,h,h
23/04/18 21:00:38,h,t
23/04/18 21:00:42,h,t
23/04/18 21:00:48,h,h
23/04/18 21:00:52,h,h
23/04/18 21:00:55,h,h
23/04/18 21:00:58,h,h
23/04/18 21:01:04,h,t
23/04/18 21:01:11,h,h
23/04/18 21:01:14,h,h
23/04/18 21:01:18,h,h
23/04/18 21:01:20,h,t
23/04/18 21:01:25,h,h
23/04/18 21:01:29,h,t
23/04/18 21:01:39,h,h
23/04/18 21:01:43,h,h
23/04/18 21:01:47,h,t
23/04/18 21:01:51,h,t
23/04/18 21:01:54,h,h
23/04/18 21:02:18,h,h
23/04/18 21:02:22,h,t
23/04/18 21:02:25,h,t
23/04/18 21:02:28,h,t
23/04/18 21:02:31,h,t
23/04/18 21:02:34,h,t
23/04/18 21:02:37,h,h
23/04/18 21:02:40,h,t
23/04/18 21:02:44,h,h
23/04/18 21:02:47,h,t
23/04/18 21:02:49,h,t
23/04/18 21:02:53,h,t
23/04/18 21:02:55,h,t
23/04/18 21:03:04,h,t
23/04/18 21:03:08,h,h
23/04/18 21:03:11,h,t
23/04/18 21:03:14,h,t
23/04/18 21:03:17,h,t
23/04/18 21:03:22,h,h
23/04/18 21:03:24,h,t
23/04/18 21:03:27,h,t
23/04/18 21:03:30,h,t
23/04/18 21:03:38,h,h
23/04/18 21:03:42,h,h
23/04/18 21:03:45,h,h
23/04/18 21:03:48,h,t
23/04/18 21:03:55,h,h
23/04/18 21:04:04,h,h
23/04/18 21:04:11,h,h
23/04/18 21:04:14,h,h
23/04/18 21:04:17,h,h
23/04/18 21:04:22,h,t
23/04/18 21:04:25,h,t
23/04/18 21:04:28,h,t
23/04/18 21:04:31,h,t
23/04/18 21:04:34,h,h
23/04/18 21:04:40,h,h
23/04/18 21:04:45,h,h
23/04/18 21:04:52,h,t
23/04/18 21:04:55,h,t
23/04/18 21:04:57,h,h
23/04/18 21:05:01,h,t
23/04/18 21:05:05,h,t
23/04/18 21:05:07,h,h
23/04/18 21:05:10,h,t
23/04/18 21:05:14,h,t
23/04/18 21:05:17,h,t
23/04/18 21:05:20,h,h
23/04/18 21:05:23,h,h
23/04/18 21:05:29,h,t
23/04/18 21:05:32,h,t
23/04/18 21:05:35,h,h
23/04/18 21:05:39,h,t
23/04/18 21:05:43,h,t
23/04/18 21:05:45,h,t
23/04/18 21:05:48,h,t
23/04/18 21:05:55,h,t
23/04/18 21:05:58,h,h
23/04/18 21:06:05,h,h
23/04/18 21:06:10,h,t
23/04/18 21:06:13,h,t
23/04/18 21:06:17,h,t
23/04/18 21:06:19,h,t
23/04/18 21:06:23,h,t
23/04/18 21:06:27,h,h
23/04/18 21:06:34,h,h
23/04/18 21:06:37,h,h
23/04/18 21:06:42,h,t
23/04/18 21:06:45,h,t
23/04/18 21:06:48,h,h
23/04/18 21:06:51,h,t
23/04/18 21:06:54,h,h
23/04/18 21:06:57,h,h
23/04/18 21:07:05,h,t
23/04/18 21:07:08,h,t
23/04/18 21:07:13,h,t
23/04/18 21:07:17,h,h
23/04/18 21:07:21,h,t
23/04/18 21:07:26,h,h
23/04/18 21:07:29,h,t
23/04/18 21:07:32,h,t
23/04/18 21:07:36,h,h
23/04/18 21:07:38,h,t
23/04/18 21:07:44,h,t
23/04/18 21:07:47,h,t
23/04/18 21:07:50,h,t
23/04/18 21:07:54,h,h
23/04/18 21:07:56,h,t
23/04/18 21:08:04,h,t
23/04/18 21:08:08,h,h
23/04/18 21:08:18,h,h
23/04/18 21:08:21,h,h
23/04/18 21:08:24,h,t
23/04/18 21:08:28,h,t
23/04/18 21:08:32,h,h
23/04/18 21:08:35,h,h
23/04/18 21:08:39,h,h
23/04/18 21:08:42,h,h
23/04/18 21:08:49,h,h
23/04/18 21:08:53,h,t
23/04/18 21:08:56,h,h
23/04/18 21:09:02,h,h
23/04/18 21:09:07,h,t
23/04/18 21:09:13,h,h
23/04/18 21:10:14,h,t
23/04/18 21:10:21,h,t
23/04/18 21:10:24,h,h
23/04/18 21:10:28,h,h
23/04/18 21:10:32,h,t
23/04/18 21:10:41,h,t
23/04/18 21:10:49,h,t
23/04/18 21:11:01,h,h
23/04/18 21:11:40,h,t
23/04/18 21:11:53,h,h
23/04/18 21:12:02,h,h
23/04/18 21:12:10,h,h
23/04/18 21:12:14,h,t
23/04/18 21:12:18,h,h
23/04/18 21:12:22,h,h
23/04/18 21:12:27,h,t
23/04/18 21:12:39,h,h
23/04/18 21:12:44,h,h
23/04/18 21:12:53,h,t
23/04/18 21:13:02,h,t
23/04/18 21:13:06,h,t
23/04/18 21:13:10,h,h
23/04/18 21:13:13,h,t
23/04/18 21:13:17,h,h
23/04/18 21:13:20,h,t
23/04/18 21:13:24,h,h
23/04/18 21:13:27,h,t
23/04/18 21:13:31,h,h
23/04/18 21:13:34,h,h
23/04/18 21:13:41,h,t
23/04/18 21:13:46,h,h
23/04/18 21:13:49,h,t
23/04/18 21:13:52,h,t
23/04/18 21:13:55,h,h
23/04/18 21:13:59,h,t
23/04/18 21:14:24,h,h
23/04/18 21:14:27,h,h
23/04/18 21:14:31,h,t
23/04/18 21:14:34,h,t
23/04/18 21:14:38,h,t
23/04/18 21:14:42,h,h
23/04/18 21:14:45,h,t
23/04/18 21:14:49,h,h
23/04/18 21:14:55,h,h
23/04/18 21:15:03,h,h
23/04/18 21:15:05,h,h
23/04/18 21:15:08,h,h
23/04/18 21:15:11,h,t
23/04/18 21:15:16,h,h
23/04/18 21:16:54,h,t
23/04/18 21:16:58,h,h
23/04/18 21:17:00,h,h
23/04/18 21:17:03,h,h
23/04/18 21:17:07,h,t
23/04/18 21:17:09,h,t
23/04/18 21:17:20,h,t
23/04/18 21:17:23,h,h
23/04/18 21:17:26,h,t
23/04/18 21:17:30,h,t
23/04/18 21:17:33,h,t
23/04/18 21:17:37,h,t
23/04/18 21:17:45,h,t
23/04/18 21:17:55,h,t
23/04/18 21:17:58,h,t
23/04/18 21:18:01,h,t
23/04/18 21:18:04,h,t
23/04/18 21:18:07,h,t
23/04/18 21:18:10,h,t
23/04/18 21:18:13,h,t
23/04/18 21:18:16,h,h
23/04/18 21:18:22,h,h
23/04/18 21:18:25,h,t
23/04/18 21:18:28,h,h
23/04/18 21:18:30,h,h
23/04/18 21:18:34,h,t
23/04/18 21:18:38,h,h
23/04/18 21:18:41,h,t
23/04/18 21:18:44,h,t
23/04/18 21:18:47,h,t
23/04/18 21:18:51,h,t
23/04/18 21:18:54,h,t
23/04/18 21:18:57,h,t
23/04/18 21:19:00,h,t
23/04/18 21:19:03,h,t
23/04/18 21:19:06,h,h
23/04/18 21:19:11,h,h
23/04/18 21:19:15,h,h
23/04/18 21:19:18,h,h
23/04/18 21:19:21,h,h
23/04/18 21:19:24,h,h
23/04/18 21:19:31,h,t
23/04/18 21:19:34,h,t
23/04/18 21:19:38,h,t
23/04/18 21:19:41,h,t
23/04/18 21:19:45,h,h
23/04/18 21:19:48,h,t
23/04/18 21:19:51,h,h
23/04/18 21:19:55,h,t
23/04/18 21:20:00,h,t
23/04/18 21:20:03,h,t
23/04/18 21:20:07,h,t
23/04/18 21:20:11,h,t
23/04/18 21:20:14,h,t
23/04/18 21:20:18,h,h
23/04/18 21:20:21,h,t
23/04/18 21:20:29,h,t
23/04/18 21:20:35,h,h
23/04/18 21:20:38,h,h
23/04/18 21:20:41,h,t
23/04/18 21:20:44,h,t
23/04/18 21:20:47,h,h
23/04/18 21:20:51,h,h
23/04/18 21:20:57,h,t
23/04/18 21:21:00,h,h
23/04/18 21:21:03,h,t
23/04/18 21:21:07,h,t
23/04/18 21:21:10,h,t
23/04/18 21:21:15,h,h
23/04/18 21:21:22,h,t
23/04/18 21:21:25,h,t
23/04/18 21:21:32,h,h
23/04/18 21:21:36,h,h
23/04/18 21:21:39,h,t
23/04/18 21:21:42,h,h
23/04/18 21:21:47,h,h
23/04/18 21:21:53,h,h
23/04/18 21:21:57,h,h
23/04/18 21:22:00,h,t
23/04/18 21:22:04,h,h
23/04/18 21:22:06,h,t
23/04/18 21:22:10,h,h
23/04/18 21:22:13,h,t
23/04/18 21:22:20,h,t
23/04/18 21:22:24,h,t
23/04/18 21:22:27,h,t
23/04/18 21:22:31,h,t
23/04/18 21:22:34,h,t
23/04/18 21:22:39,h,h
23/04/18 21:22:43,h,h
23/04/18 21:22:46,h,t
23/04/18 21:22:50,h,h
23/04/18 21:22:52,h,t
23/04/18 21:23:03,h,t
23/04/18 21:23:06,h,h
23/04/18 21:23:14,h,h
23/04/18 21:23:17,h,t
23/04/18 21:23:23,h,h
23/04/18 21:23:31,h,t
23/04/18 21:23:35,h,t
23/04/18 21:23:38,h,t
23/04/18 21:23:41,h,t
23/04/18 21:23:44,h,t
23/04/18 21:23:49,h,t
23/04/18 21:23:53,h,h
23/04/18 21:23:55,h,h
23/04/18 21:23:58,h,t
23/04/18 21:24:03,h,t
23/04/18 21:24:07,h,h
23/04/18 21:24:10,h,t
23/04/18 21:24:13,h,t
23/04/18 21:24:20,h,t
23/04/18 21:24:25,h,t
23/04/18 21:24:31,h,t
23/04/18 21:24:34,h,t
23/04/18 21:24:41,h,h
23/04/18 21:24:44,h,t
23/04/18 21:24:47,h,t
23/04/18 21:24:50,h,h
23/04/18 21:24:55,h,t
23/04/18 21:24:58,h,t
23/04/18 21:25:01,h,t
23/04/18 21:25:04,h,h
23/04/18 21:25:08,h,t
23/04/18 21:25:12,h,t
23/04/18 21:25:26,h,h
23/04/18 21:25:32,h,h
23/04/18 21:25:35,h,h
23/04/18 21:25:38,h,h
23/04/18 21:25:41,h,t
23/04/18 21:25:44,h,h
23/04/18 21:25:46,h,h
23/04/18 21:25:49,h,h
23/04/18 21:25:53,h,t
23/04/18 21:25:56,h,h
23/04/18 21:26:03,h,t
23/04/18 21:26:06,h,t
23/04/18 21:26:09,h,t
23/04/18 21:26:12,h,t
23/04/18 21:26:16,h,h
23/04/18 21:26:19,h,h
23/04/18 21:26:24,h,h
23/04/18 21:26:28,h,h
23/04/18 21:26:36,h,t
23/04/18 21:26:40,h,h
23/04/18 21:26:45,h,h
23/04/18 21:26:49,h,t
23/04/18 21:26:54,h,t
23/04/18 21:26:57,h,t
23/04/18 21:26:59,h,h
23/04/18 21:27:03,h,t
23/04/18 21:27:06,h,h
23/04/18 21:27:11,h,h
23/04/18 21:27:15,h,h
23/04/18 21:27:17,h,h
23/04/18 21:27:22,h,h
23/04/18 21:27:24,h,h
23/04/18 21:27:36,h,t
23/04/18 21:27:41,h,t
23/04/18 21:27:45,h,h
23/04/18 21:27:48,h,t
23/04/18 21:27:55,h,h
23/04/18 21:27:59,h,h
23/04/18 21:28:08,h,h
23/04/18 21:28:11,h,t
23/04/18 21:28:15,h,t
23/04/18 21:28:22,h,h
23/04/18 21:28:25,h,h
23/04/18 21:28:35,h,t
23/04/18 21:28:39,h,t
23/04/18 21:28:43,h,t
23/04/18 21:28:49,h,h
23/04/18 21:28:55,h,h
23/04/18 21:28:59,h,h
23/04/18 21:29:04,h,h
23/04/18 21:29:07,h,t
23/04/18 21:29:09,h,t
23/04/18 21:29:13,h,h
23/04/18 21:29:16,h,t
23/04/18 21:29:20,h,t
23/04/18 21:29:24,h,h
23/04/18 21:29:27,h,t
23/04/18 21:29:30,h,h
23/04/18 21:29:34,h,h
23/04/18 21:29:39,h,t
23/04/18 21:29:43,h,h
23/04/18 21:29:45,h,h
23/04/18 21:29:48,h,h
23/04/18 21:29:52,h,t
23/04/18 21:29:55,h,h
23/04/18 21:29:59,h,t
23/04/18 21:30:02,h,h
23/04/18 21:30:05,h,t
23/04/18 21:30:09,h,h
23/04/18 21:30:14,h,h
23/04/18 21:30:17,h,t
23/04/18 21:30:20,h,t
23/04/18 21:30:24,h,t
23/04/18 21:30:28,h,h
23/04/18 21:30:30,h,h
23/04/18 21:30:34,h,t
23/04/18 21:30:38,h,t
23/04/18 21:30:41,h,t
23/04/18 21:30:46,h,h
23/04/18 21:30:49,h,t
23/04/18 21:30:53,h,h
23/04/18 21:30:56,h,t
23/04/18 21:31:00,h,t
23/04/18 21:31:03,h,h
23/04/18 21:31:07,h,h
23/04/18 21:31:11,h,h
23/04/18 21:31:26,h,t
23/04/18 21:31:30,h,h
23/04/18 21:31:34,h,t
23/04/18 21:31:38,h,t
23/04/18 21:31:41,h,t
23/04/18 21:31:43,h,h
23/04/18 21:31:46,h,h
23/04/18 21:31:49,h,h
23/04/18 21:31:52,h,h
23/04/18 21:31:59,h,h
23/04/18 21:32:02,h,h
23/04/18 21:32:06,h,t
23/04/18 21:32:10,h,t
23/04/18 21:32:13,h,t
23/04/18 21:32:17,h,h
23/04/18 21:32:20,h,t
23/04/18 21:32:26,h,t
23/04/18 21:32:29,h,t
23/04/18 21:32:32,h,h
23/04/18 21:32:35,h,h
23/04/18 21:32:39,h,t
23/04/18 21:32:43,h,h
23/04/18 21:32:46,h,h
23/04/18 21:32:49,h,h
23/04/18 21:32:52,h,t
23/04/18 21:32:56,h,h
23/04/18 21:32:59,h,h
23/04/18 21:33:02,h,t
23/04/18 21:33:06,h,t
23/04/18 21:33:09,h,t
23/04/18 21:33:13,h,t
23/04/18 21:33:16,h,t
23/04/18 21:33:20,h,h
23/04/18 21:33:24,h,h
23/04/18 21:33:31,h,h
23/04/18 21:33:34,h,h
23/04/18 21:33:37,h,h
23/04/18 21:33:40,h,h
23/04/18 21:33:45,h,h
23/04/18 21:33:48,h,h
23/04/18 21:33:51,h,h
23/04/18 21:33:54,h,t
23/04/18 21:33:57,h,h
23/04/18 21:34:00,h,h
23/04/18 21:34:03,h,t
23/04/18 21:34:09,h,t
23/04/18 21:34:13,h,t
23/04/18 21:34:16,h,h
23/04/18 21:34:19,h,h
23/04/18 21:34:22,h,t
23/04/18 21:34:25,h,h
23/04/18 21:34:27,h,h
23/04/18 21:34:31,h,t
23/04/18 21:34:41,h,t
23/04/18 21:34:45,h,t
23/04/18 21:34:48,h,h
23/04/18 21:34:52,h,t
23/04/18 21:34:57,h,h
23/04/18 21:35:04,h,t
23/04/18 21:35:09,h,t
23/04/18 21:35:12,h,t
23/04/18 21:35:16,h,h
23/04/18 21:35:20,h,h
23/04/18 21:35:23,h,t
23/04/18 21:35:26,h,h
23/04/18 21:35:31,h,t
23/04/18 21:35:34,h,h
23/04/18 21:35:37,h,t
23/04/18 21:35:40,h,t
23/04/18 21:35:44,h,h
23/04/18 21:35:47,h,h
23/04/18 21:35:51,h,h
23/04/18 21:35:56,h,h
23/04/18 21:38:39,h,h
23/04/18 21:38:50,h,h
23/04/18 21:38:57,h,t
23/04/18 21:39:01,h,t
23/04/18 21:39:04,h,h
23/04/18 21:39:07,h,h
23/04/18 21:39:35,h,h
23/04/18 21:39:41,h,h
23/04/18 21:39:46,h,t
23/04/18 21:39:51,h,h
23/04/18 21:39:54,h,h
23/04/18 21:39:57,h,h
23/04/18 21:41:24,h,h
23/04/18 21:41:34,h,t
23/04/18 21:41:39,h,h
23/04/18 21:41:43,h,h
23/04/18 21:41:45,h,h
23/04/18 21:41:49,h,t
23/04/18 21:41:52,h,h
23/04/18 21:41:55,h,t
23/04/18 21:41:59,h,h
23/04/18 21:42:02,h,t
23/04/18 21:42:06,h,t
23/04/18 21:42:10,h,h
23/04/18 21:42:13,h,t
23/04/18 21:42:15,h,h
23/04/18 21:42:21,h,h
23/04/18 21:42:25,h,h
23/04/18 21:42:28,h,h
23/04/18 21:42:31,h,h
23/04/18 21:42:34,h,t
23/04/18 21:42:38,h,h
23/04/18 21:42:42,h,h
23/04/18 21:42:46,h,t
23/04/18 21:42:54,h,h
23/04/18 21:43:00,h,h
23/04/18 21:43:03,h,h
23/04/18 21:43:06,h,t
23/04/18 21:43:08,h,h
23/04/18 21:43:11,h,h
23/04/18 21:43:14,h,t
23/04/18 21:43:17,h,t
23/04/18 21:43:19,h,h
23/04/18 21:43:23,h,t
23/04/18 21:43:26,h,t
23/04/18 21:43:30,h,h
23/04/18 21:43:34,h,h
23/04/18 21:43:37,h,t
23/04/18 21:43:40,h,h
23/04/18 21:43:43,h,t
23/04/18 21:43:45,h,h
23/04/18 21:43:49,h,h
23/04/18 21:43:52,h,t
23/04/18 21:43:55,h,t
23/04/18 21:43:58,h,h
23/04/18 21:44:01,h,t
23/04/18 21:44:04,h,t
23/04/18 21:44:07,h,t
23/04/18 21:44:10,h,t
23/04/18 21:44:12,h,h
23/04/18 21:44:19,h,h
23/04/18 21:44:27,h,h
23/04/18 21:44:33,h,t
23/04/18 21:44:39,h,h
23/04/18 21:44:42,h,h
23/04/18 21:44:48,h,h
23/04/18 21:44:53,h,h
23/04/18 21:44:57,h,h
23/04/18 21:45:00,h,h
23/04/18 21:45:04,h,h
23/04/18 21:45:24,h,h
23/04/18 21:45:32,h,h
23/04/18 21:45:38,h,t
23/04/18 21:45:40,h,h
23/04/18 21:45:49,h,h
23/04/18 21:45:51,h,h
23/04/18 21:45:54,h,h
23/04/18 21:45:57,h,h
23/04/18 21:46:00,h,h
23/04/18 21:46:03,h,h
23/04/18 21:46:05,h,h
23/04/18 21:46:09,h,t
23/04/18 21:46:13,h,h
23/04/18 21:46:18,h,t
23/04/18 21:46:21,h,t
23/04/18 21:46:31,h,h
23/04/18 21:46:35,h,h
23/04/18 21:46:39,h,t
23/04/18 21:46:42,h,t
23/04/18 21:46:45,h,t
23/04/18 21:46:48,h,t
23/04/18 21:46:53,h,h
23/04/18 21:46:58,h,h
23/04/18 21:47:03,h,h
23/04/18 21:47:07,h,h
23/04/18 21:47:11,h,t
23/04/18 21:47:15,h,t
23/04/18 21:47:19,h,t
23/04/18 21:47:23,h,h
23/04/18 21:47:26,h,h
23/04/18 21:47:30,h,t
23/04/18 21:47:38,h,t
23/04/18 21:47:44,h,h
23/04/18 21:47:46,h,h
23/04/18 21:47:49,h,h
23/04/18 21:47:53,h,t
23/04/18 21:47:56,h,h
23/04/18 21:47:59,h,h
23/04/18 21:48:03,h,t
23/04/18 21:48:06,h,h
23/04/18 21:48:09,h,h
23/04/18 21:48:14,h,t
23/04/18 21:48:17,h,h
23/04/18 21:48:20,h,t
23/04/18 21:48:29,h,h
23/04/18 21:48:31,h,h
23/04/18 21:48:35,h,h
23/04/18 21:48:47,h,t
23/04/18 21:48:52,h,h
23/04/18 21:48:55,h,t
23/04/18 21:48:58,h,h
23/04/18 21:49:01,h,t
23/04/18 21:49:05,h,h
23/04/18 21:49:08,h,h
23/04/18 21:49:12,h,t
23/04/18 21:49:22,h,t
23/04/18 21:49:25,h,h
23/04/18 21:49:28,h,h
23/04/18 21:49:32,h,t
23/04/18 21:49:35,h,t
23/04/18 21:49:38,h,h
23/04/18 21:49:42,h,t
23/04/18 21:49:45,h,h
23/04/18 21:49:48,h,t
23/04/18 21:49:51,h,h
23/04/18 21:49:55,h,t
23/04/18 21:50:02,h,t
23/04/18 21:50:07,h,h
23/04/18 21:50:12,h,t
23/04/18 21:50:19,h,t
23/04/18 21:50:23,h,h
23/04/18 21:50:26,h,h
23/04/18 21:50:30,h,t
23/04/18 21:50:33,h,t
23/04/18 21:50:36,h,h
23/04/18 21:50:39,h,t
23/04/18 21:50:43,h,t
23/04/18 21:50:46,h,t
23/04/18 21:50:49,h,t
23/04/18 21:50:54,h,t
23/04/18 21:51:05,h,t
23/04/18 21:51:10,h,t
23/04/18 21:51:13,h,t
23/04/18 21:51:16,h,t
23/04/18 21:51:20,h,t
23/04/18 21:51:25,h,h
23/04/18 21:51:28,h,h
23/04/18 21:51:30,h,t
23/04/18 21:51:34,h,t
23/04/18 21:51:39,h,t
23/04/18 21:51:43,h,h
23/04/18 21:51:49,h,h
23/04/18 21:51:57,h,t
23/04/18 21:52:02,h,t
23/04/18 21:52:06,h,t
23/04/18 21:52:11,h,t
23/04/18 21:52:14,h,t
23/04/18 21:52:19,h,h
23/04/18 21:52:34,h,t
23/04/18 21:52:38,h,t
23/04/18 21:52:44,h,h
23/04/18 21:52:47,h,h
23/04/18 21:52:50,h,t
23/04/18 21:52:56,h,h
23/04/18 21:52:59,h,t
23/04/18 21:53:03,h,t
23/04/18 21:53:06,h,h
23/04/18 21:53:09,h,t
23/04/18 21:53:13,h,t
23/04/18 21:53:16,h,h
23/04/18 21:53:19,h,h
23/04/18 21:53:22,h,t
23/04/18 21:53:26,h,t
23/04/18 21:53:29,h,h
23/04/18 21:53:37,h,h
23/04/18 21:53:40,h,h
23/04/18 21:53:43,h,t
23/04/18 21:53:46,h,t
23/04/18 21:53:49,h,h
23/04/18 21:53:56,h,h
23/04/18 21:53:59,h,h
23/04/18 21:54:03,h,h
23/04/18 21:54:07,h,h
23/04/18 21:54:18,h,t
23/04/18 21:54:22,h,t
23/04/18 21:54:25,h,h
23/04/18 21:54:31,h,h
23/04/18 21:54:35,h,h
23/04/18 21:54:41,h,h
23/04/18 21:54:46,h,h
23/04/18 21:54:50,h,h
23/04/18 21:54:53,h,t
23/04/18 21:54:58,h,h
23/04/18 21:55:01,h,t
23/04/18 21:55:05,h,t
23/04/18 21:55:09,h,t
23/04/18 21:55:17,h,t
23/04/18 21:55:21,h,t
23/04/18 21:55:23,h,t
23/04/18 21:55:29,h,t
23/04/18 21:55:33,h,h
23/04/18 21:55:36,h,h
23/04/18 21:55:39,h,h
23/04/18 21:55:43,h,h
23/04/18 21:55:46,h,h
23/04/18 21:55:50,h,h
23/04/18 21:55:55,h,t
23/04/18 21:55:59,h,h
23/04/18 21:56:03,h,t
23/04/18 21:56:05,h,t
23/04/18 21:56:09,h,t
23/04/18 21:56:11,h,t
23/04/18 21:56:15,h,t
23/04/18 21:56:18,h,t
23/04/18 21:56:21,h,h
23/04/18 21:56:26,h,t
23/04/18 21:56:31,h,h
23/04/18 21:56:35,h,t
23/04/18 21:56:38,h,t
23/04/18 21:56:42,h,h
23/04/18 21:56:46,h,h
23/04/18 21:56:54,h,h
23/04/18 21:56:56,h,h
23/04/18 21:57:01,h,h
23/04/18 21:57:04,h,t
23/04/18 21:57:08,h,t
23/04/18 21:57:12,h,t
23/04/18 21:57:27,h,t
23/04/18 21:57:30,h,h
23/04/18 21:57:33,h,h
23/04/18 21:57:36,h,t
23/04/18 21:57:40,h,t
23/04/18 21:57:45,h,t
23/04/18 21:57:48,h,t
23/04/18 21:57:51,h,h
23/04/18 21:57:58,h,t
23/04/18 21:58:01,h,t
23/04/18 21:58:03,h,h
23/04/18 21:58:08,h,h
23/04/18 21:58:11,h,t
23/04/18 21:58:17,h,t
23/04/18 21:58:21,h,t
23/04/18 21:58:25,h,h
23/04/18 21:58:28,h,h
23/04/18 21:58:31,h,h
23/04/18 21:58:34,h,t
23/04/18 21:58:38,h,t
23/04/18 21:58:41,h,h
23/04/18 21:58:45,h,h
23/04/18 21:58:49,h,h
23/04/18 21:58:52,h,t
23/04/18 21:58:59,h,h
23/04/18 21:59:04,h,h
23/04/18 21:59:06,h,h
23/04/18 21:59:10,h,t
23/04/18 21:59:15,h,t
23/04/18 21:59:18,h,h
23/04/18 21:59:25,h,h
23/04/18 21:59:29,h,h
23/04/18 21:59:41,h,t
23/04/18 21:59:46,h,h
23/04/18 21:59:48,h,h
23/04/18 22:01:11,h,t
23/04/18 22:01:19,h,h
23/04/18 22:01:23,h,t
23/04/18 22:01:26,h,h
23/04/18 22:01:29,h,t
23/04/18 22:01:33,h,t
23/04/18 22:01:35,h,t
23/04/18 22:01:38,h,h
23/04/18 22:01:44,h,h
23/04/18 22:01:46,h,h
23/04/18 22:01:49,h,h
23/04/18 22:01:52,h,h
23/04/18 22:01:55,h,t
23/04/18 22:01:59,h,h
23/04/18 22:02:02,h,h
23/04/18 22:02:07,h,h
23/04/18 22:02:09,h,t
23/04/18 22:02:12,h,h
23/04/18 22:02:20,h,h
23/04/18 22:02:27,h,t
23/04/18 22:02:41,h,h
23/04/18 22:02:46,h,t
23/04/18 22:02:49,h,t
23/04/18 22:02:52,h,t
23/04/18 22:02:56,h,t
23/04/18 22:03:00,h,h
23/04/18 22:03:03,h,h
23/04/18 22:03:06,h,h
23/04/18 22:03:11,h,h
23/04/18 22:03:14,h,t
23/04/18 22:03:18,h,t
23/04/18 22:03:21,h,t
23/04/18 22:03:24,h,h
23/04/18 22:03:36,h,h
23/04/18 22:03:38,h,t
23/04/18 22:03:41,h,t
23/04/18 22:03:47,h,h
23/04/18 22:03:51,h,t
23/04/18 22:03:54,h,t
23/04/18 22:03:57,h,h
23/04/18 22:04:00,h,t
23/04/18 22:04:03,h,t
23/04/18 22:04:07,h,t
23/04/18 22:04:10,h,h
23/04/18 22:04:13,h,h
23/04/18 22:04:16,h,t
23/04/18 22:04:20,h,h
23/04/18 22:04:25,h,t
23/04/18 22:04:28,h,t
23/04/18 22:04:31,h,t
23/04/18 22:04:35,h,t
23/04/18 22:04:39,h,t
23/04/18 22:04:56,h,t
23/04/18 22:04:59,h,t
23/04/18 22:05:03,h,h
23/04/18 22:05:05,h,h
23/04/18 22:05:08,h,t
23/04/18 22:05:12,h,t
23/04/18 22:05:15,h,h
23/04/18 22:05:19,h,h
23/04/18 22:05:23,h,t
23/04/18 22:05:28,h,t
23/04/18 22:18:07,t,t
23/04/18 22:18:11,t,h
23/04/18 22:18:15,t,h
23/04/18 22:18:20,t,t
23/04/18 22:18:24,t,t
23/04/18 22:18:27,t,h
23/04/18 22:18:30,t,t
23/04/18 22:18:33,t,h
23/04/18 22:18:36,t,h
23/04/18 22:18:40,t,t
23/04/18 22:18:43,t,t
23/04/18 22:18:46,t,t
23/04/18 22:18:48,t,h
23/04/18 22:18:53,t,t
23/04/18 22:18:55,t,t
23/04/18 22:19:00,t,h
23/04/18 22:19:05,t,t
23/04/18 22:19:07,t,h
23/04/18 22:19:11,t,h
23/04/18 22:19:14,t,h
23/04/18 22:19:18,t,t
23/04/18 22:19:21,t,h
23/04/18 22:19:25,t,t
23/04/18 22:19:29,t,t
23/04/18 22:19:33,t,h
23/04/18 22:19:36,t,h
23/04/18 22:19:40,t,h
23/04/18 22:19:43,t,h
23/04/18 22:19:47,t,t
23/04/18 22:19:51,t,h
23/04/18 22:19:54,t,h
23/04/18 22:19:58,t,h
23/04/18 22:20:01,t,h
23/04/18 22:20:04,t,t
23/04/18 22:20:08,t,h
23/04/18 22:20:15,t,h
23/04/18 22:20:17,t,t
23/04/18 22:20:21,t,t
23/04/18 22:20:24,t,h
23/04/18 22:20:27,t,h
23/04/18 22:20:31,t,h
23/04/18 22:20:34,t,t
23/04/18 22:20:37,t,h
23/04/18 22:20:41,t,h
23/04/18 22:20:44,t,t
23/04/18 22:20:47,t,h
23/04/18 22:20:51,t,h
23/04/18 22:20:57,t,t
23/04/18 22:21:01,t,h
23/04/18 22:21:05,t,h
23/04/18 22:21:11,t,t
23/04/18 22:22:20,t,e
23/04/18 22:22:56,t,h
23/04/18 22:23:31,t,h
23/04/18 22:23:52,t,t
23/04/18 22:23:55,t,t
23/04/18 22:24:00,t,t
23/04/18 22:24:03,t,h
23/04/18 22:24:07,t,t
23/04/18 22:24:09,t,h
23/04/18 22:24:13,t,t
23/04/18 22:24:16,t,h
23/04/18 22:24:19,t,h
23/04/18 22:24:29,t,t
23/04/18 22:24:33,t,t
23/04/18 22:24:37,t,h
23/04/18 22:24:51,t,h
23/04/18 22:24:55,t,t
23/04/18 22:24:58,t,t
23/04/18 22:25:04,t,h
23/04/18 22:25:07,t,h
23/04/18 22:25:13,t,h
23/04/18 22:25:18,t,h
23/04/18 22:25:21,t,t
23/04/18 22:25:25,t,h
23/04/18 22:25:31,t,h
23/04/18 22:25:36,t,h
23/04/18 22:25:44,t,h
23/04/18 22:25:48,t,h
23/04/18 22:25:51,t,t
23/04/18 22:25:57,t,h
23/04/18 22:26:01,t,t
23/04/18 22:26:05,t,t
23/04/18 22:26:10,t,h
23/04/18 22:26:14,t,h
23/04/18 22:26:17,t,h
23/04/18 22:26:34,t,h
23/04/18 22:26:53,t,t
23/04/18 22:26:58,t,h
23/04/18 22:27:02,t,t
23/04/18 22:27:05,t,h
23/04/18 22:27:09,t,t
23/04/18 22:27:15,t,h
23/04/18 22:27:21,t,h
23/04/18 22:27:25,t,h
23/04/18 22:27:28,t,t
23/04/18 22:27:31,t,t
23/04/18 22:27:34,t,h
23/04/18 22:27:39,t,h
23/04/18 22:27:42,t,h
23/04/18 22:27:46,t,h
23/04/18 22:27:50,t,h
23/04/18 22:27:54,t,t
23/04/18 22:27:58,t,h
23/04/18 22:28:01,t,t
23/04/18 22:28:04,t,h
23/04/18 22:28:07,t,t
23/04/18 22:28:11,t,t
23/04/18 22:28:20,t,t
23/04/18 22:28:29,t,h
23/04/18 22:28:33,t,t
23/04/18 22:28:36,t,h
23/04/18 22:28:41,t,h
23/04/18 22:28:45,t,t
23/04/18 22:28:49,t,h
23/04/18 22:28:53,t,t
23/04/18 22:28:56,t,h
23/04/18 22:29:00,t,t
23/04/18 22:29:04,t,t
23/04/18 22:29:07,t,h
23/04/18 22:29:11,t,t
23/04/18 22:29:14,t,h
23/04/18 22:29:17,t,t
23/04/18 22:29:21,t,h
23/04/18 22:29:25,t,t
23/04/18 22:29:28,t,t
23/04/18 22:29:32,t,t
23/04/18 22:29:38,t,h
23/04/18 22:29:42,t,t
23/04/18 22:29:48,t,t
23/04/18 22:29:55,t,t
23/04/18 22:29:58,t,t
23/04/18 22:30:01,t,h
23/04/18 22:30:04,t,t
23/04/18 22:30:08,t,h
23/04/18 22:30:11,t,h
23/04/18 22:30:15,t,h
23/04/18 22:30:19,t,t
23/04/18 22:30:25,t,h
23/04/18 22:30:28,t,t
23/04/18 22:30:31,t,h
23/04/18 22:30:34,t,t
23/04/18 22:30:37,t,t
23/04/18 22:30:40,t,t
23/04/18 22:30:43,t,h
23/04/18 22:30:46,t,h
23/04/18 22:30:50,t,h
23/04/18 22:30:54,t,t
23/04/18 22:30:58,t,t
23/04/18 22:31:01,t,h
23/04/18 22:31:04,t,t
23/04/18 22:31:07,t,h
23/04/18 22:31:11,t,h
23/04/18 22:31:14,t,h
23/04/18 22:31:17,t,h
23/04/18 22:31:21,t,h
23/04/18 22:31:24,t,t
23/04/18 22:31:28,t,t
23/04/18 22:31:31,t,h
23/04/18 22:31:34,t,t
23/04/18 22:31:37,t,h
23/04/18 22:31:44,t,h
23/04/18 22:31:51,t,t
23/04/18 22:31:55,t,t
23/04/18 22:31:58,t,h
23/04/18 22:32:01,t,t
23/04/18 22:32:03,t,t
23/04/18 22:32:07,t,h
23/04/18 22:32:09,t,t
23/04/18 22:32:12,t,t
23/04/18 22:32:14,t,t
23/04/18 22:32:16,t,t
23/04/18 22:32:20,t,t
23/04/18 22:32:23,t,t
23/04/18 22:32:25,t,h
23/04/18 22:32:29,t,h
23/04/18 22:32:35,t,h
23/04/18 22:32:38,t,t
23/04/18 22:32:40,t,h
23/04/18 22:32:43,t,t
23/04/18 22:32:46,t,t
23/04/18 22:32:51,t,t
23/04/18 22:32:53,t,t
23/04/18 22:32:56,t,t
23/04/18 22:32:59,t,h
23/04/18 22:33:03,t,t
23/04/18 22:33:05,t,t
23/04/18 22:33:09,t,h
23/04/18 22:33:12,t,h
23/04/18 22:33:15,t,t
23/04/18 22:33:19,t,t
23/04/18 22:33:24,t,h
23/04/18 22:33:26,t,t
23/04/18 22:33:30,t,h
23/04/18 22:33:33,t,h
23/04/18 22:33:37,t,h
23/04/18 22:33:42,t,t
23/04/18 22:33:47,t,t
23/04/18 22:33:49,t,h
23/04/18 22:33:53,t,t
23/04/18 22:33:56,t,t
23/04/18 22:33:58,t,t
23/04/18 22:34:03,t,t
23/04/18 22:34:06,t,h
23/04/18 22:34:10,t,t
23/04/18 22:34:13,t,h
23/04/18 22:34:16,t,h
23/04/18 22:34:19,t,h
23/04/18 22:34:22,t,t
23/04/18 22:34:24,t,t
23/04/18 22:34:30,t,t
23/04/18 22:34:32,t,t
23/04/18 22:34:34,t,t
23/04/18 22:34:37,t,t
23/04/18 22:34:39,t,h
23/04/18 22:34:42,t,t
23/04/18 22:34:44,t,t
23/04/18 22:34:48,t,h
23/04/18 22:34:51,t,h
23/04/18 22:34:53,t,h
23/04/18 22:34:56,t,h
23/04/18 22:34:58,t,h
23/04/18 22:35:01,t,h
23/04/18 22:35:04,t,h
23/04/18 22:35:07,t,h
23/04/18 22:35:11,t,t
23/04/18 22:35:18,t,h
23/04/18 22:35:22,t,t
23/04/18 22:35:26,t,h
23/04/18 22:35:30,t,t
23/04/18 22:35:34,t,t
23/04/18 22:35:37,t,t
23/04/18 22:35:40,t,t
23/04/18 22:35:43,t,h
23/04/18 22:35:46,t,h
23/04/18 22:35:50,t,t
23/04/18 22:35:55,t,h
23/04/18 22:35:58,t,h
23/04/18 22:36:01,t,h
23/04/18 22:36:17,t,h
23/04/18 22:36:20,t,t
23/04/18 22:36:23,t,t
23/04/18 22:36:26,t,h
23/04/18 22:36:29,t,t
23/04/18 22:36:32,t,h
23/04/18 22:36:35,t,t
23/04/18 22:36:37,t,h
23/04/18 22:36:41,t,t
23/04/18 22:36:43,t,t
23/04/18 22:36:49,t,h
23/04/18 22:36:52,t,h
23/04/18 22:36:54,t,h
23/04/18 22:36:57,t,t
23/04/18 22:36:59,t,t
23/04/18 22:37:03,t,t
23/04/18 22:37:05,t,t
23/04/18 22:37:07,t,h
23/04/18 22:37:10,t,t
23/04/18 22:37:14,t,t
23/04/18 22:37:18,t,t
23/04/18 22:37:21,t,t
23/04/18 22:37:23,t,h
23/04/18 22:37:27,t,h
23/04/18 22:37:30,t,h
23/04/18 22:37:34,t,t
23/04/18 22:37:38,t,h
23/04/18 22:37:41,t,h
23/04/18 22:37:45,t,t
23/04/18 22:37:51,t,h
23/04/18 22:37:54,t,h
23/04/18 22:37:57,t,t
23/04/18 22:37:59,t,h
23/04/18 22:38:02,t,t
23/04/18 22:38:07,t,t
23/04/18 22:38:09,t,t
23/04/18 22:38:12,t,t
23/04/18 22:38:15,t,h
23/04/18 22:38:18,t,h
23/04/18 22:38:22,t,t
23/04/18 22:38:25,t,t
23/04/18 22:38:27,t,t
23/04/18 22:38:30,t,t
23/04/18 22:38:33,t,h
23/04/18 22:38:37,t,h
23/04/18 22:38:43,t,t
23/04/18 22:38:48,t,h
23/04/18 22:38:51,t,t
23/04/18 22:38:54,t,t
23/04/18 22:38:58,t,h
23/04/18 22:39:01,t,t
23/04/18 22:39:03,t,t
23/04/18 22:39:07,t,h
23/04/18 22:39:10,t,t
23/04/18 22:39:12,t,h
23/04/18 22:39:15,t,t
23/04/18 22:39:19,t,h
23/04/18 22:39:23,t,h
23/04/18 22:39:27,t,h
23/04/18 22:39:30,t,h
23/04/18 22:39:34,t,h
23/04/18 22:39:37,t,t
23/04/18 22:39:39,t,t
23/04/18 22:39:44,t,h
23/04/18 22:39:48,t,h
23/04/18 22:39:51,t,t
23/04/18 22:39:57,t,t
23/04/18 22:40:00,t,t
23/04/18 22:40:02,t,t
23/04/18 22:40:06,t,h
23/04/18 22:40:08,t,h
23/04/18 22:40:14,t,h
23/04/18 22:40:19,t,t
23/04/18 22:40:23,t,t
23/04/18 22:40:26,t,t
23/04/18 22:40:29,t,t
23/04/18 22:40:32,t,t
23/04/18 22:40:35,t,h
23/04/18 22:40:38,t,h
23/04/18 22:40:42,t,t
23/04/18 22:40:44,t,h
23/04/18 22:40:49,t,h
23/04/18 22:40:52,t,t
23/04/18 22:40:56,t,t
23/04/18 22:40:58,t,h
23/04/18 22:41:01,t,h
23/04/18 22:41:03,t,h
23/04/18 22:41:06,t,t
23/04/18 22:41:09,t,h
23/04/18 22:41:12,t,h
23/04/18 22:41:16,t,t
23/04/18 22:41:19,t,t
23/04/18 22:41:21,t,t
23/04/18 22:41:25,t,h
23/04/18 22:41:29,t,h
23/04/18 22:41:32,t,t
24/04/18 09:33:03,t,h
24/04/18 09:33:08,t,h
24/04/18 09:33:14,t,t
24/04/18 09:33:20,t,h
24/04/18 09:33:23,t,t
24/04/18 09:33:27,t,h
24/04/18 09:33:32,t,h
24/04/18 09:33:36,t,h
24/04/18 09:33:39,t,h
24/04/18 09:33:42,t,h
24/04/18 09:33:46,t,h
24/04/18 09:33:51,t,h
24/04/18 09:33:56,t,h
24/04/18 09:34:02,t,t
24/04/18 09:34:08,t,h
24/04/18 09:34:12,t,h
24/04/18 09:34:14,t,h
24/04/18 09:34:17,t,h
24/04/18 09:34:20,t,h
24/04/18 09:34:24,t,t
24/04/18 09:34:27,t,t
24/04/18 09:34:29,t,t
24/04/18 09:34:31,t,h
24/04/18 09:34:37,t,h
24/04/18 09:34:49,t,t
24/04/18 09:34:53,t,h
24/04/18 09:34:56,t,t
24/04/18 09:34:59,t,t
24/04/18 09:35:04,t,h
24/04/18 09:35:07,t,t
24/04/18 09:35:12,t,h
24/04/18 09:35:15,t,h
24/04/18 09:35:23,t,t
24/04/18 09:35:26,t,h
24/04/18 09:35:30,t,h
24/04/18 09:35:36,t,h
24/04/18 09:35:40,t,h
24/04/18 09:35:56,t,h
24/04/18 09:36:00,t,h
24/04/18 09:36:03,t,h
24/04/18 09:36:06,t,h
24/04/18 09:36:11,t,t
24/04/18 09:36:14,t,h
24/04/18 09:36:21,t,h
24/04/18 09:36:23,t,h
24/04/18 09:36:28,t,t
24/04/18 09:36:35,t,h
24/04/18 09:36:38,t,t
24/04/18 09:36:43,t,h
24/04/18 09:36:47,t,t
24/04/18 09:36:51,t,h
24/04/18 09:36:54,t,t
24/04/18 09:36:56,t,h
24/04/18 09:36:59,t,t
24/04/18 09:37:02,t,h
24/04/18 09:37:06,t,h
24/04/18 09:37:09,t,t
24/04/18 09:37:11,t,t
24/04/18 09:37:14,t,t
24/04/18 09:37:16,t,h
24/04/18 09:37:20,t,t
24/04/18 09:37:23,t,h
24/04/18 09:37:27,t,h
24/04/18 09:37:31,t,h
24/04/18 09:37:36,t,t
24/04/18 09:37:42,t,t
24/04/18 09:37:50,t,h
24/04/18 09:37:53,t,h
24/04/18 09:37:55,t,t
24/04/18 09:37:58,t,t
24/04/18 09:38:03,t,h
24/04/18 09:38:07,t,t
24/04/18 09:38:10,t,t
24/04/18 09:38:13,t,t
24/04/18 09:38:15,t,h
24/04/18 09:38:17,t,h
24/04/18 09:38:20,t,t
24/04/18 09:38:22,t,h
24/04/18 09:38:25,t,t
24/04/18 09:38:28,t,t
24/04/18 09:38:30,t,t
24/04/18 09:38:33,t,t
24/04/18 09:38:38,t,t
24/04/18 09:38:40,t,h
24/04/18 09:38:44,t,h
24/04/18 09:38:47,t,t
24/04/18 09:38:49,t,t
24/04/18 09:38:52,t,t
24/04/18 09:38:55,t,h
24/04/18 09:38:58,t,t
24/04/18 09:39:01,t,t
24/04/18 09:39:10,t,h
24/04/18 09:39:13,t,h
24/04/18 09:39:16,t,h
24/04/18 09:39:19,t,h
24/04/18 09:39:23,t,t
24/04/18 09:39:26,t,t
24/04/18 09:39:29,t,h
24/04/18 09:39:33,t,h
24/04/18 09:39:35,t,h
24/04/18 09:39:38,t,h
24/04/18 09:39:41,t,h
24/04/18 09:39:47,t,t
24/04/18 09:39:50,t,h
24/04/18 09:39:53,t,t
24/04/18 09:40:00,t,t
24/04/18 09:40:02,t,t
24/04/18 09:40:06,t,h
24/04/18 09:40:09,t,h
24/04/18 09:40:12,t,h
24/04/18 09:40:15,t,h
24/04/18 09:40:20,t,h
24/04/18 09:40:23,t,h
24/04/18 09:40:26,t,t
24/04/18 09:40:29,t,h
24/04/18 09:40:53,t,t
24/04/18 09:40:56,t,t
24/04/18 09:41:02,t,h
24/04/18 09:41:05,t,h
24/04/18 09:41:09,t,t
24/04/18 09:41:11,t,h
24/04/18 09:41:15,t,t
24/04/18 09:41:16,t,t
24/04/18 09:41:20,t,h
24/04/18 09:41:23,t,t
24/04/18 09:41:25,t,t
24/04/18 09:41:29,t,t
24/04/18 09:41:32,t,h
24/04/18 09:41:34,t,t
24/04/18 09:41:39,t,h
24/04/18 09:41:43,t,t
24/04/18 09:41:45,t,h
24/04/18 09:41:48,t,h
24/04/18 09:41:51,t,t
24/04/18 09:41:53,t,h
24/04/18 09:41:56,t,t
24/04/18 09:42:00,t,h
24/04/18 09:42:03,t,h
24/04/18 09:42:06,t,t
24/04/18 09:42:09,t,h
24/04/18 09:42:11,t,t
24/04/18 09:42:15,t,h
24/04/18 09:42:18,t,t
24/04/18 09:42:20,t,h
24/04/18 09:42:23,t,t
24/04/18 09:42:26,t,h
24/04/18 09:42:30,t,h
24/04/18 09:42:32,t,t
24/04/18 09:42:35,t,h
24/04/18 09:42:38,t,h
24/04/18 09:42:40,t,h
24/04/18 09:42:44,t,t
24/04/18 09:42:47,t,h
24/04/18 09:42:50,t,t
24/04/18 09:42:52,t,t
24/04/18 09:42:55,t,h
24/04/18 09:42:58,t,h
24/04/18 09:43:01,t,t
24/04/18 09:43:04,t,h
24/04/18 09:43:07,t,t
24/04/18 09:43:10,t,t
24/04/18 09:43:12,t,h
24/04/18 09:43:15,t,t
24/04/18 09:43:18,t,t
24/04/18 09:43:20,t,h
24/04/18 09:43:24,t,t
24/04/18 09:43:28,t,h
24/04/18 09:43:31,t,t
24/04/18 09:43:34,t,t
24/04/18 09:43:36,t,t
24/04/18 09:43:39,t,t
24/04/18 09:43:42,t,h
24/04/18 09:43:45,t,t
24/04/18 09:43:47,t,h
24/04/18 09:43:50,t,t
24/04/18 09:43:53,t,h
24/04/18 09:43:55,t,h
24/04/18 09:43:57,t,h
24/04/18 09:44:00,t,t
24/04/18 09:44:02,t,h
24/04/18 09:44:05,t,h
24/04/18 09:44:08,t,t
24/04/18 09:44:10,t,t
24/04/18 09:44:13,t,h
24/04/18 09:44:15,t,t
24/04/18 09:44:18,t,t
24/04/18 09:44:20,t,t
24/04/18 09:44:23,t,h
24/04/18 09:44:27,t,h
24/04/18 09:44:31,t,h
24/04/18 09:44:34,t,h
24/04/18 09:44:36,t,t
24/04/18 09:44:39,t,h
24/04/18 09:44:43,t,h
24/04/18 09:44:46,t,t
24/04/18 09:44:48,t,h
24/04/18 09:44:53,t,h
24/04/18 09:44:55,t,t
24/04/18 09:44:58,t,t
24/04/18 09:45:00,t,h
24/04/18 09:45:03,t,t
24/04/18 09:45:06,t,h
24/04/18 09:45:09,t,t
24/04/18 09:45:11,t,t
24/04/18 09:45:14,t,t
24/04/18 09:45:17,t,h
24/04/18 09:45:21,t,t
24/04/18 09:45:23,t,h
24/04/18 09:45:27,t,h
24/04/18 09:45:29,t,h
24/04/18 09:45:32,t,h
24/04/18 09:45:35,t,h
24/04/18 09:45:43,t,t
24/04/18 09:45:48,t,h
24/04/18 09:45:51,t,t
24/04/18 09:45:54,t,h
24/04/18 09:45:57,t,h
24/04/18 09:45:59,t,t
24/04/18 09:46:02,t,h
24/04/18 09:46:05,t,h
24/04/18 09:46:14,t,h
24/04/18 09:46:18,t,t
24/04/18 09:46:20,t,h
24/04/18 09:46:23,t,t
24/04/18 09:46:26,t,t
24/04/18 09:46:28,t,h
24/04/18 09:46:31,t,h
24/04/18 09:46:34,t,h
24/04/18 09:46:37,t,h
24/04/18 09:46:39,t,t
24/04/18 09:46:42,t,t
24/04/18 09:46:45,t,h
24/04/18 09:46:49,t,t
24/04/18 09:46:51,t,t
24/04/18 09:46:54,t,t
24/04/18 09:46:57,t,t
24/04/18 09:46:59,t,h
24/04/18 09:47:02,t,t
24/04/18 09:47:05,t,h
24/04/18 09:47:07,t,h
24/04/18 09:47:11,t,t
24/04/18 09:47:14,t,t
24/04/18 09:47:22,t,t
24/04/18 09:47:25,t,h
24/04/18 09:47:27,t,t
24/04/18 09:47:30,t,h
24/04/18 09:47:33,t,h
24/04/18 09:47:35,t,t
24/04/18 09:47:38,t,h
24/04/18 09:47:41,t,h
24/04/18 09:47:43,t,t
24/04/18 09:47:46,t,t
24/04/18 09:47:49,t,t
24/04/18 09:47:51,t,h
24/04/18 09:47:54,t,h
24/04/18 09:48:01,t,t
24/04/18 09:48:08,t,h
24/04/18 09:48:11,t,h
24/04/18 09:48:13,t,t
24/04/18 09:48:15,t,t
24/04/18 09:48:19,t,h
24/04/18 09:48:22,t,h
24/04/18 09:48:24,t,h
24/04/18 09:48:27,t,h
24/04/18 09:48:30,t,t
24/04/18 09:48:32,t,h
24/04/18 09:48:35,t,t
24/04/18 09:48:37,t,h
24/04/18 09:48:40,t,t
24/04/18 09:48:43,t,h
24/04/18 09:48:49,t,t
24/04/18 09:48:52,t,h
24/04/18 09:48:55,t,h
24/04/18 09:48:59,t,t
24/04/18 09:49:02,t,t
24/04/18 09:49:05,t,t
24/04/18 09:49:08,t,h
24/04/18 09:49:11,t,t
24/04/18 09:49:13,t,h
24/04/18 09:49:16,t,h
24/04/18 09:49:19,t,h
24/04/18 09:49:23,t,h
24/04/18 09:49:25,t,t
24/04/18 09:49:28,t,h
24/04/18 09:49:30,t,t
24/04/18 09:49:33,t,h
24/04/18 09:49:36,t,h
24/04/18 09:49:39,t,t
24/04/18 09:49:41,t,h
24/04/18 09:49:45,t,t
24/04/18 09:49:47,t,t
24/04/18 09:49:50,t,h
24/04/18 09:49:52,t,t
24/04/18 09:49:55,t,h
24/04/18 09:49:58,t,t
24/04/18 09:50:03,t,t
24/04/18 09:50:05,t,t
24/04/18 09:50:08,t,h
24/04/18 09:50:11,t,h
24/04/18 09:50:15,t,h
24/04/18 09:50:17,t,h
24/04/18 09:50:21,t,t
24/04/18 09:50:24,t,t
24/04/18 09:50:27,t,t
24/04/18 09:50:29,t,h
24/04/18 09:50:33,t,t
24/04/18 09:50:35,t,h
24/04/18 09:50:41,t,t
24/04/18 09:50:44,t,t
24/04/18 09:50:47,t,t
24/04/18 09:50:50,t,h
24/04/18 09:50:54,t,h
24/04/18 09:50:59,t,h
24/04/18 09:51:01,t,t
24/04/18 09:51:04,t,t
24/04/18 09:51:07,t,t
24/04/18 09:51:11,t,t
24/04/18 09:51:13,t,h
24/04/18 09:51:21,t,t
24/04/18 09:51:23,t,t
24/04/18 09:51:26,t,t
24/04/18 09:51:29,t,h
24/04/18 09:51:37,t,h
24/04/18 09:51:41,t,h
24/04/18 09:51:44,t,h
24/04/18 09:51:47,t,t
24/04/18 09:51:50,t,h
24/04/18 09:51:52,t,h
24/04/18 09:51:55,t,h
24/04/18 09:51:57,t,t
24/04/18 09:52:00,t,t
24/04/18 09:53:21,t,h
24/04/18 09:53:25,t,t
24/04/18 09:53:32,t,h
24/04/18 09:53:34,t,t
24/04/18 09:53:37,t,h
24/04/18 09:53:40,t,h
24/04/18 09:53:43,t,t
24/04/18 09:53:46,t,t
24/04/18 09:53:49,t,h
24/04/18 09:53:52,t,t
24/04/18 09:53:55,t,t
24/04/18 09:53:57,t,h
24/04/18 09:54:00,t,t
24/04/18 09:54:03,t,t
24/04/18 09:54:06,t,t
24/04/18 09:54:08,t,t
24/04/18 09:54:11,t,t
24/04/18 09:54:14,t,t
24/04/18 09:54:16,t,h
24/04/18 09:54:19,t,t
24/04/18 09:54:22,t,t
24/04/18 09:54:24,t,t
24/04/18 09:54:27,t,h
24/04/18 09:54:30,t,t
24/04/18 09:54:33,t,t
24/04/18 09:54:38,t,h
24/04/18 09:54:41,t,t
24/04/18 09:54:43,t,t
24/04/18 09:54:46,t,h
24/04/18 09:54:49,t,t
24/04/18 09:54:51,t,h
24/04/18 09:54:54,t,h
24/04/18 09:54:57,t,t
24/04/18 09:55:00,t,t
24/04/18 09:55:03,t,t
24/04/18 09:55:05,t,t
24/04/18 09:55:08,t,t
24/04/18 09:55:10,t,h
24/04/18 09:55:13,t,t
24/04/18 09:55:15,t,h
24/04/18 09:55:19,t,h
24/04/18 09:55:22,t,t
24/04/18 09:55:25,t,t
24/04/18 09:55:36,t,h
24/04/18 09:55:40,t,t
24/04/18 09:55:43,t,h
24/04/18 09:55:46,t,t
24/04/18 09:55:49,t,t
24/04/18 09:55:51,t,h
24/04/18 09:55:54,t,t
24/04/18 09:55:57,t,h
24/04/18 09:56:00,t,t
24/04/18 09:56:02,t,h
24/04/18 09:56:04,t,t
24/04/18 09:56:08,t,t
24/04/18 09:56:11,t,t
24/04/18 09:56:16,t,h
24/04/18 09:56:20,t,t
24/04/18 09:56:22,t,t
24/04/18 09:56:24,t,h
24/04/18 09:56:27,t,t
24/04/18 09:56:30,t,h
24/04/18 09:56:35,t,h
24/04/18 09:56:39,t,t
24/04/18 09:56:41,t,t
24/04/18 09:56:43,t,h
24/04/18 09:56:46,t,t
24/04/18 09:56:50,t,h
24/04/18 09:56:52,t,t
24/04/18 09:56:58,t,t
24/04/18 09:57:06,t,t
24/04/18 09:57:08,t,h
24/04/18 09:57:11,t,t
24/04/18 09:57:14,t,h
24/04/18 09:57:17,t,h
24/04/18 09:57:19,t,t
24/04/18 09:57:22,t,h
24/04/18 09:57:25,t,t
24/04/18 09:57:27,t,h
24/04/18 09:57:31,t,h
24/04/18 09:57:34,t,h
24/04/18 09:57:39,t,t
24/04/18 09:57:42,t,h
24/04/18 09:57:45,t,t
24/04/18 09:57:48,t,t
24/04/18 09:57:51,t,h
24/04/18 09:57:53,t,t
24/04/18 09:58:01,t,t
24/04/18 10:01:31,t,e
24/04/18 10:01:34,t,h
24/04/18 10:02:09,t,h
24/04/18 10:02:16,t,h
24/04/18 10:02:19,t,t
24/04/18 10:02:22,t,h
24/04/18 10:02:25,t,t
24/04/18 10:02:28,t,t
24/04/18 10:02:30,t,t
24/04/18 10:02:33,t,t
24/04/18 10:02:35,t,h
24/04/18 10:02:38,t,t
24/04/18 10:02:41,t,h
24/04/18 10:02:44,t,h
24/04/18 10:02:46,t,h
24/04/18 10:02:49,t,t
24/04/18 10:02:52,t,t
24/04/18 10:02:55,t,t
24/04/18 10:02:57,t,h
24/04/18 10:03:00,t,t
24/04/18 10:03:03,t,h
24/04/18 10:03:06,t,t
24/04/18 10:03:08,t,t
24/04/18 10:03:11,t,h
24/04/18 10:03:14,t,t
24/04/18 10:03:20,t,h
24/04/18 10:03:24,t,h
24/04/18 10:03:27,t,t
24/04/18 10:03:30,t,t
24/04/18 10:03:33,t,t
24/04/18 10:03:38,t,h
24/04/18 10:03:42,t,t
24/04/18 10:03:50,t,t
24/04/18 10:03:52,t,t
24/04/18 10:03:55,t,h
24/04/18 10:03:58,t,t
24/04/18 10:04:00,t,t
24/04/18 10:04:03,t,t
24/04/18 10:04:06,t,t
24/04/18 10:04:08,t,h
24/04/18 10:04:14,t,t
24/04/18 10:04:17,t,h
24/04/18 10:04:20,t,t
24/04/18 10:04:22,t,h
24/04/18 10:04:25,t,t
24/04/18 10:04:27,t,h
24/04/18 10:04:30,t,h
24/04/18 10:04:32,t,t
24/04/18 10:04:35,t,h
24/04/18 10:04:39,t,h
24/04/18 10:04:41,t,h
24/04/18 10:04:44,t,h
24/04/18 10:04:47,t,t
24/04/18 10:04:49,t,t
24/04/18 10:04:51,t,t
24/04/18 10:04:53,t,t
24/04/18 10:04:56,t,h
24/04/18 10:04:59,t,h
24/04/18 10:05:01,t,t
24/04/18 10:05:04,t,t
24/04/18 10:05:06,t,h
24/04/18 10:05:08,t,h
24/04/18 10:05:11,t,h
24/04/18 10:05:15,t,t
24/04/18 10:05:19,t,h
24/04/18 10:05:22,t,h
24/04/18 10:05:24,t,h
24/04/18 10:05:28,t,h
24/04/18 10:05:32,t,h
24/04/18 10:05:34,t,t
24/04/18 10:05:36,t,t
24/04/18 10:05:39,t,t
24/04/18 10:05:41,t,h
24/04/18 10:05:44,t,h
24/04/18 10:05:46,t,t
24/04/18 10:05:49,t,t
24/04/18 10:05:50,t,t
24/04/18 10:05:53,t,t
24/04/18 10:05:55,t,t
24/04/18 10:05:57,t,t
24/04/18 10:06:01,t,h
24/04/18 10:06:03,t,h
24/04/18 10:06:06,t,t
24/04/18 10:06:09,t,t
24/04/18 10:06:14,t,h
24/04/18 10:06:21,t,h
24/04/18 10:06:24,t,t
24/04/18 10:06:26,t,t
24/04/18 10:06:29,t,h
24/04/18 10:06:31,t,t
24/04/18 10:06:34,t,t
24/04/18 10:06:36,t,t
24/04/18 10:06:41,t,t
24/04/18 10:06:44,t,h
24/04/18 10:06:47,t,t
24/04/18 10:06:52,t,t
24/04/18 10:06:55,t,h
24/04/18 10:06:57,t,h
24/04/18 10:07:01,t,t
24/04/18 10:07:04,t,h
24/04/18 10:07:07,t,t
24/04/18 10:07:08,t,h
24/04/18 10:07:12,t,t
24/04/18 10:07:14,t,t
24/04/18 10:07:16,t,t
24/04/18 10:07:18,t,t
24/04/18 10:07:20,t,h
24/04/18 10:07:22,t,t
24/04/18 10:07:25,t,h
24/04/18 10:07:27,t,h
24/04/18 10:07:29,t,t
24/04/18 10:07:32,t,h
24/04/18 10:07:34,t,h
24/04/18 10:07:37,t,h
24/04/18 10:07:40,t,h
24/04/18 10:07:43,t,h
24/04/18 10:07:46,t,t
24/04/18 10:07:50,t,h
24/04/18 10:07:54,t,h
24/04/18 10:07:57,t,t
24/04/18 10:07:59,t,t
24/04/18 10:08:03,t,t
24/04/18 10:08:05,t,h
24/04/18 10:08:08,t,t
24/04/18 10:08:10,t,t
24/04/18 10:08:12,t,t
24/04/18 10:08:14,t,h
24/04/18 10:08:19,t,t
24/04/18 10:08:21,t,t
24/04/18 10:08:24,t,t
24/04/18 10:08:27,t,h
24/04/18 10:08:31,t,h
24/04/18 10:08:34,t,t
24/04/18 10:08:37,t,h
24/04/18 10:08:42,t,h
24/04/18 10:08:45,t,t
24/04/18 10:08:47,t,t
24/04/18 10:08:50,t,h
24/04/18 10:08:54,t,h
24/04/18 10:08:56,t,t
24/04/18 10:08:58,t,t
24/04/18 10:09:02,t,h
24/04/18 10:09:04,t,h
24/04/18 10:09:07,t,t
24/04/18 10:09:09,t,t
24/04/18 10:09:12,t,t
24/04/18 10:09:15,t,h
24/04/18 10:09:17,t,h
24/04/18 10:09:20,t,h
24/04/18 10:09:22,t,t
24/04/18 10:09:25,t,t
24/04/18 10:09:29,t,h
24/04/18 10:09:32,t,h
24/04/18 10:09:34,t,t
24/04/18 10:09:36,t,h
24/04/18 10:09:39,t,t
24/04/18 10:09:43,t,h
24/04/18 10:09:45,t,t
24/04/18 10:09:48,t,t
24/04/18 10:09:50,t,t
24/04/18 10:09:52,t,h
24/04/18 10:09:54,t,t
24/04/18 10:09:56,t,h
24/04/18 10:09:59,t,t
24/04/18 10:10:01,t,t
24/04/18 10:10:04,t,t
24/04/18 10:10:06,t,t
24/04/18 10:10:09,t,h
24/04/18 10:10:11,t,h
24/04/18 10:10:14,t,t
24/04/18 10:10:16,t,t
24/04/18 10:10:18,t,h
24/04/18 10:10:21,t,t
24/04/18 10:10:24,t,h
24/04/18 10:10:26,t,t
24/04/18 10:10:28,t,t
24/04/18 10:10:31,t,t
24/04/18 10:10:33,t,t
24/04/18 10:10:37,t,h
24/04/18 10:10:40,t,h
24/04/18 10:10:43,t,t
24/04/18 10:10:46,t,h
24/04/18 10:10:50,t,h
24/04/18 10:10:52,t,t
24/04/18 10:10:55,t,h
24/04/18 10:10:58,t,h
24/04/18 10:11:00,t,h
24/04/18 10:11:03,t,h
24/04/18 10:11:05,t,t
24/04/18 10:11:08,t,t
24/04/18 10:11:12,t,h
24/04/18 10:11:15,t,h
24/04/18 10:11:21,t,h
24/04/18 10:11:25,t,h
24/04/18 10:11:27,t,h
24/04/18 10:11:35,t,t
24/04/18 10:11:41,t,t
24/04/18 10:11:43,t,t
24/04/18 10:11:46,t,h
24/04/18 10:11:49,t,h
24/04/18 10:11:52,t,h
24/04/18 10:11:55,t,h
24/04/18 10:11:58,t,h
24/04/18 10:12:00,t,t
24/04/18 10:12:06,t,h
24/04/18 10:12:08,t,t
24/04/18 10:12:10,t,t
24/04/18 10:12:17,t,h
24/04/18 10:12:19,t,h
24/04/18 10:12:21,t,h
24/04/18 10:12:24,t,h
24/04/18 10:12:28,t,t
24/04/18 10:12:30,t,t
24/04/18 10:12:32,t,t
24/04/18 10:12:35,t,t
24/04/18 10:12:37,t,h
24/04/18 10:12:41,t,t
24/04/18 10:12:43,t,h
24/04/18 10:12:46,t,h
24/04/18 10:12:49,t,t
24/04/18 10:12:51,t,h
24/04/18 10:12:54,t,t
24/04/18 10:12:56,t,t
24/04/18 10:12:59,t,t
24/04/18 10:13:01,t,h
24/04/18 10:13:04,t,h
24/04/18 10:13:06,t,t
24/04/18 10:13:08,t,t
24/04/18 10:13:11,t,h
24/04/18 10:13:13,t,h
24/04/18 10:13:16,t,t
24/04/18 10:13:19,t,t
24/04/18 10:13:21,t,t
24/04/18 10:13:24,t,h
24/04/18 10:13:26,t,h
24/04/18 10:13:29,t,h
24/04/18 10:13:32,t,t
24/04/18 10:13:34,t,h
24/04/18 10:13:37,t,h
24/04/18 10:13:39,t,t
24/04/18 10:13:42,t,h
24/04/18 10:13:44,t,h
24/04/18 10:13:46,t,t
24/04/18 10:13:49,t,t
24/04/18 10:13:51,t,h
24/04/18 10:13:53,t,h
24/04/18 10:39:39,h,h
24/04/18 10:39:42,h,t
24/04/18 10:39:45,h,t
24/04/18 10:39:47,h,t
24/04/18 10:39:50,h,t
24/04/18 10:39:53,h,t
24/04/18 10:39:56,h,h
24/04/18 10:40:00,h,t
24/04/18 10:40:02,h,h
24/04/18 10:40:04,h,t
24/04/18 10:40:07,h,h
24/04/18 10:40:09,h,h
24/04/18 10:40:12,h,t
24/04/18 10:40:15,h,t
24/04/18 10:40:27,h,h
24/04/18 10:40:31,h,h
24/04/18 10:40:33,h,t
24/04/18 10:40:36,h,t
24/04/18 10:40:38,h,t
24/04/18 10:40:42,h,h
24/04/18 10:40:49,h,t
24/04/18 10:40:51,h,h
24/04/18 10:40:54,h,h
24/04/18 10:40:56,h,h
24/04/18 10:40:59,h,h
24/04/18 10:41:01,h,t
24/04/18 10:41:04,h,h
24/04/18 10:41:06,h,t
24/04/18 10:41:09,h,h
24/04/18 10:41:16,h,h
24/04/18 10:41:18,h,t
24/04/18 10:41:21,h,t
24/04/18 10:41:23,h,h
24/04/18 10:41:28,h,t
24/04/18 10:41:31,h,h
24/04/18 10:41:34,h,t
24/04/18 10:41:38,h,t
24/04/18 10:41:40,h,h
24/04/18 10:41:43,h,h
24/04/18 10:41:46,h,h
24/04/18 10:41:48,h,h
24/04/18 10:41:51,h,h
24/04/18 10:41:53,h,h
24/04/18 10:41:56,h,h
24/04/18 10:41:58,h,t
24/04/18 10:42:01,h,h
24/04/18 10:42:04,h,h
24/04/18 10:42:07,h,t
24/04/18 10:42:09,h,t
24/04/18 10:42:12,h,h
24/04/18 10:42:14,h,t
24/04/18 10:42:17,h,t
24/04/18 10:42:19,h,h
24/04/18 10:42:22,h,t
24/04/18 10:42:25,h,t
24/04/18 10:42:27,h,t
24/04/18 10:42:31,h,h
24/04/18 10:42:34,h,h
24/04/18 10:42:37,h,h
24/04/18 10:42:39,h,t
24/04/18 10:42:42,h,h
24/04/18 10:42:45,h,t
24/04/18 10:42:51,h,h
24/04/18 10:42:55,h,t
24/04/18 10:42:57,h,t
24/04/18 10:43:00,h,h
24/04/18 10:43:05,h,h
24/04/18 10:43:08,h,t
24/04/18 10:43:12,h,h
24/04/18 10:43:15,h,t
24/04/18 10:43:17,h,t
24/04/18 10:43:21,h,h
24/04/18 10:43:25,h,t
24/04/18 10:43:28,h,t
24/04/18 10:43:31,h,h
24/04/18 10:43:33,h,t
24/04/18 10:43:44,h,h
24/04/18 10:43:48,h,h
24/04/18 10:43:54,h,h
24/04/18 10:43:56,h,t
24/04/18 10:44:04,h,h
24/04/18 10:44:12,h,h
24/04/18 10:44:17,h,h
24/04/18 10:44:19,h,t
24/04/18 10:44:22,h,t
24/04/18 10:44:26,h,h
24/04/18 10:44:28,h,h
24/04/18 10:44:30,h,t
24/04/18 10:44:33,h,h
24/04/18 10:44:35,h,h
24/04/18 10:44:38,h,t
24/04/18 10:44:41,h,h
24/04/18 10:44:43,h,t
24/04/18 10:44:46,h,t
24/04/18 10:44:48,h,t
24/04/18 10:44:51,h,t
24/04/18 10:44:54,h,t
24/04/18 10:44:56,h,h
24/04/18 10:44:59,h,h
24/04/18 10:45:01,h,h
24/04/18 10:45:04,h,h
24/04/18 10:45:07,h,h
24/04/18 10:45:09,h,h
24/04/18 10:45:12,h,t
24/04/18 10:45:14,h,t
24/04/18 10:45:17,h,t
24/04/18 10:45:20,h,h
24/04/18 10:45:22,h,t
24/04/18 10:45:25,h,h
24/04/18 10:45:28,h,t
24/04/18 10:45:32,h,h
24/04/18 10:45:34,h,h
24/04/18 10:45:36,h,t
24/04/18 10:45:39,h,t
24/04/18 10:45:42,h,h
24/04/18 10:45:44,h,h
24/04/18 10:45:47,h,h
24/04/18 10:45:52,h,t
24/04/18 10:45:54,h,t
24/04/18 10:45:56,h,h
24/04/18 10:46:00,h,t
24/04/18 10:46:03,h,t
24/04/18 10:46:06,h,h
24/04/18 10:46:09,h,h
24/04/18 10:46:11,h,t
24/04/18 10:46:14,h,t
24/04/18 10:46:16,h,h
24/04/18 10:46:19,h,t
24/04/18 10:46:22,h,t
24/04/18 10:46:24,h,h
24/04/18 10:46:28,h,t
24/04/18 10:46:31,h,h
24/04/18 10:46:34,h,t
24/04/18 10:46:36,h,h
24/04/18 10:46:39,h,h
24/04/18 10:46:41,h,t
24/04/18 10:46:44,h,t
24/04/18 10:46:46,h,t
24/04/18 10:46:49,h,h
24/04/18 10:46:52,h,t
24/04/18 10:46:55,h,h
24/04/18 10:46:57,h,h
24/04/18 10:47:00,h,h
24/04/18 10:47:02,h,h
24/04/18 10:47:05,h,t
24/04/18 10:47:08,h,h
24/04/18 10:47:11,h,t
24/04/18 10:47:14,h,h
24/04/18 10:47:17,h,t
24/04/18 10:47:20,h,h
24/04/18 10:47:23,h,h
24/04/18 10:47:26,h,t
24/04/18 10:47:28,h,h
24/04/18 10:47:34,h,h
24/04/18 10:47:36,h,h
24/04/18 10:47:39,h,t
24/04/18 10:47:51,h,h
24/04/18 10:47:54,h,h
24/04/18 10:48:00,h,h
24/04/18 10:48:03,h,t
24/04/18 10:48:06,h,h
24/04/18 10:48:10,h,t
24/04/18 10:48:13,h,t
24/04/18 10:48:17,h,h
24/04/18 10:48:19,h,t
24/04/18 10:48:22,h,h
24/04/18 10:48:25,h,h
24/04/18 10:48:27,h,t
24/04/18 10:48:30,h,h
24/04/18 10:48:33,h,t
24/04/18 10:48:38,h,t
24/04/18 10:48:41,h,h
24/04/18 10:48:43,h,h
24/04/18 10:48:46,h,h
24/04/18 10:48:52,h,t
24/04/18 10:48:55,h,h
24/04/18 10:48:57,h,h
24/04/18 10:49:00,h,t
24/04/18 10:49:02,h,h
24/04/18 10:49:05,h,t
24/04/18 10:49:11,h,t
24/04/18 10:49:13,h,h
24/04/18 10:49:17,h,t
24/04/18 10:49:20,h,t
24/04/18 10:49:22,h,t
24/04/18 10:49:26,h,h
24/04/18 10:49:28,h,h
24/04/18 10:49:31,h,h
24/04/18 10:49:34,h,h
24/04/18 10:49:37,h,h
24/04/18 10:49:39,h,t
24/04/18 10:49:43,h,t
24/04/18 10:49:46,h,h
24/04/18 10:49:51,h,t
24/04/18 10:49:54,h,t
24/04/18 10:49:57,h,h
24/04/18 10:50:00,h,h
24/04/18 10:50:03,h,t
24/04/18 10:50:06,h,h
24/04/18 10:50:08,h,h
24/04/18 10:50:11,h,h
24/04/18 10:50:13,h,t
24/04/18 10:50:17,h,t
24/04/18 10:50:21,h,t
24/04/18 10:50:26,h,t
24/04/18 10:50:29,h,t
24/04/18 10:50:32,h,h
24/04/18 10:50:38,h,t
24/04/18 10:50:40,h,t
24/04/18 10:50:43,h,h
24/04/18 10:50:48,h,h
24/04/18 10:50:51,h,t
24/04/18 10:50:53,h,t
24/04/18 10:50:56,h,t
24/04/18 10:50:59,h,h
24/04/18 10:51:01,h,h
24/04/18 10:51:04,h,t
24/04/18 10:51:07,h,h
24/04/18 10:51:09,h,h
24/04/18 10:51:11,h,h
24/04/18 10:51:15,h,t
24/04/18 10:51:17,h,h
24/04/18 10:51:19,h,t
24/04/18 10:51:22,h,h
24/04/18 10:51:24,h,t
24/04/18 10:51:28,h,h
24/04/18 10:51:30,h,h
24/04/18 10:51:33,h,t
24/04/18 10:51:37,h,t
24/04/18 10:51:40,h,t
24/04/18 10:51:43,h,t
24/04/18 10:51:45,h,h
24/04/18 10:51:48,h,h
24/04/18 10:51:50,h,t
24/04/18 10:51:53,h,t
24/04/18 10:51:56,h,t
24/04/18 10:51:58,h,h
24/04/18 10:52:02,h,h
24/04/18 10:52:04,h,t
24/04/18 10:52:06,h,t
24/04/18 10:52:09,h,h
24/04/18 10:52:12,h,h
24/04/18 10:52:14,h,t
24/04/18 10:52:17,h,t
24/04/18 10:52:26,h,t
24/04/18 10:52:29,h,t
24/04/18 10:52:32,h,t
24/04/18 10:52:35,h,t
24/04/18 10:52:37,h,t
24/04/18 10:52:40,h,t
24/04/18 10:52:42,h,t
24/04/18 10:52:44,h,h
24/04/18 10:52:48,h,t
24/04/18 10:52:51,h,t
24/04/18 10:52:53,h,h
24/04/18 10:52:55,h,h
24/04/18 10:52:58,h,h
24/04/18 10:53:00,h,h
24/04/18 10:53:04,h,h
24/04/18 10:53:06,h,h
24/04/18 10:53:09,h,t
24/04/18 10:53:12,h,h
24/04/18 10:53:15,h,h
24/04/18 10:53:17,h,h
24/04/18 10:53:20,h,t
24/04/18 10:53:22,h,t
24/04/18 10:53:25,h,h
24/04/18 10:53:28,h,h
24/04/18 10:53:31,h,h
24/04/18 10:53:33,h,t
24/04/18 10:53:36,h,h
24/04/18 10:53:39,h,t
24/04/18 10:53:42,h,t
24/04/18 10:53:45,h,t
24/04/18 10:53:47,h,h
24/04/18 10:53:49,h,h
24/04/18 10:53:52,h,t
24/04/18 10:53:55,h,h
24/04/18 10:53:58,h,t
24/04/18 10:54:01,h,t
24/04/18 10:54:03,h,h
24/04/18 10:54:06,h,h
24/04/18 10:54:09,h,t
24/04/18 10:54:12,h,h
24/04/18 10:54:15,h,h
24/04/18 10:54:22,h,t
24/04/18 10:54:25,h,h
24/04/18 10:54:27,h,t
24/04/18 10:54:30,h,t
24/04/18 10:54:32,h,h
24/04/18 10:54:35,h,t
24/04/18 10:54:38,h,h
24/04/18 10:54:40,h,t
24/04/18 10:54:43,h,t
24/04/18 10:54:46,h,t
24/04/18 10:54:49,h,h
24/04/18 10:54:51,h,t
24/04/18 10:54:55,h,h
24/04/18 10:54:58,h,t
24/04/18 10:55:00,h,t
24/04/18 10:55:02,h,h
24/04/18 10:55:05,h,h
24/04/18 10:55:08,h,t
24/04/18 10:55:10,h,t
24/04/18 10:55:13,h,h
24/04/18 10:55:15,h,h
24/04/18 10:55:18,h,t
24/04/18 10:55:20,h,h
24/04/18 10:55:23,h,t
24/04/18 10:55:26,h,h
24/04/18 10:55:28,h,h
24/04/18 10:55:30,h,h
24/04/18 10:55:33,h,t
24/04/18 10:55:36,h,h
24/04/18 10:55:38,h,t
24/04/18 10:55:41,h,t
24/04/18 10:55:44,h,h
24/04/18 10:55:47,h,h
24/04/18 10:55:50,h,t
24/04/18 10:55:53,h,t
24/04/18 10:55:57,h,t
24/04/18 10:55:59,h,h
24/04/18 10:56:02,h,t
24/04/18 10:56:05,h,h
24/04/18 10:56:08,h,h
24/04/18 10:56:11,h,h
24/04/18 10:56:14,h,h
24/04/18 10:56:17,h,h
24/04/18 10:56:19,h,t
24/04/18 10:56:21,h,t
24/04/18 10:56:24,h,t
24/04/18 10:56:27,h,h
24/04/18 10:56:29,h,h
24/04/18 10:57:35,h,t
24/04/18 10:57:41,h,h
24/04/18 10:57:44,h,h
24/04/18 10:57:46,h,t
24/04/18 10:57:49,h,h
24/04/18 10:57:53,h,t
24/04/18 10:57:57,h,h
24/04/18 10:57:59,h,h
24/04/18 10:58:02,h,t
24/04/18 10:58:04,h,t
24/04/18 10:58:07,h,h
24/04/18 10:58:10,h,h
24/04/18 10:58:12,h,h
24/04/18 10:58:15,h,h
24/04/18 10:58:18,h,t
24/04/18 10:58:20,h,t
24/04/18 10:58:23,h,h
24/04/18 10:58:25,h,t
24/04/18 10:58:27,h,h
24/04/18 10:58:30,h,t
24/04/18 10:58:34,h,t
24/04/18 10:58:38,h,h
24/04/18 10:58:40,h,h
24/04/18 10:58:42,h,t
24/04/18 10:58:45,h,h
24/04/18 10:58:47,h,h
24/04/18 10:58:49,h,h
24/04/18 10:58:52,h,h
24/04/18 10:58:54,h,h
24/04/18 10:58:56,h,t
24/04/18 10:58:59,h,h
24/04/18 10:59:03,h,t
24/04/18 10:59:06,h,h
24/04/18 10:59:08,h,t
24/04/18 10:59:11,h,t
24/04/18 10:59:14,h,t
24/04/18 10:59:16,h,h
24/04/18 10:59:19,h,h
24/04/18 10:59:22,h,t
24/04/18 10:59:26,h,h
24/04/18 10:59:28,h,h
24/04/18 10:59:31,h,h
24/04/18 10:59:33,h,t
24/04/18 10:59:36,h,t
24/04/18 10:59:38,h,t
24/04/18 10:59:41,h,t
24/04/18 10:59:45,h,t
24/04/18 10:59:48,h,t
24/04/18 10:59:50,h,h
24/04/18 10:59:53,h,t
24/04/18 10:59:55,h,h
24/04/18 10:59:58,h,t
24/04/18 11:00:00,h,h
24/04/18 11:00:03,h,h
24/04/18 11:00:05,h,t
24/04/18 11:00:08,h,h
24/04/18 11:00:15,h,h
24/04/18 11:00:19,h,t
24/04/18 11:00:21,h,h
24/04/18 11:00:24,h,t
24/04/18 11:00:26,h,t
24/04/18 11:00:29,h,h
24/04/18 11:00:31,h,t
24/04/18 11:00:35,h,t
24/04/18 11:00:37,h,t
24/04/18 11:00:40,h,t
24/04/18 11:00:43,h,h
24/04/18 11:00:45,h,t
24/04/18 11:00:48,h,t
24/04/18 11:00:50,h,t
24/04/18 11:00:52,h,t
24/04/18 11:00:55,h,h
24/04/18 11:00:57,h,t
24/04/18 11:00:59,h,t
24/04/18 11:01:02,h,t
24/04/18 11:01:04,h,t
24/04/18 11:01:07,h,t
24/04/18 11:01:10,h,t
24/04/18 11:01:13,h,h
24/04/18 11:01:15,h,t
24/04/18 11:01:17,h,t
24/04/18 11:01:20,h,h
24/04/18 11:01:22,h,t
24/04/18 11:01:24,h,h
24/04/18 11:01:27,h,h
24/04/18 11:01:29,h,t
24/04/18 11:01:33,h,t
24/04/18 11:01:35,h,h
24/04/18 11:01:38,h,t
24/04/18 11:01:40,h,h
24/04/18 11:01:43,h,h
24/04/18 11:01:44,h,t
24/04/18 11:01:47,h,t
24/04/18 11:01:49,h,t
24/04/18 11:01:50,h,h
24/04/18 11:01:53,h,t
24/04/18 11:01:56,h,h
24/04/18 11:01:59,h,t
24/04/18 11:02:01,h,t
24/04/18 11:02:04,h,h
24/04/18 11:02:07,h,t
24/04/18 11:02:09,h,t
24/04/18 11:02:14,h,h
24/04/18 11:02:16,h,h
24/04/18 11:02:19,h,h
24/04/18 11:02:26,h,h
24/04/18 11:02:29,h,h
24/04/18 11:02:31,h,t
24/04/18 11:02:33,h,h
24/04/18 11:02:36,h,t
24/04/18 11:02:38,h,h
24/04/18 11:02:42,h,h
24/04/18 11:02:44,h,t
24/04/18 11:02:46,h,t
24/04/18 11:02:50,h,h
24/04/18 11:02:53,h,t
24/04/18 11:02:56,h,t
24/04/18 11:02:58,h,t
24/04/18 11:03:01,h,h
24/04/18 11:03:04,h,t
24/04/18 11:03:07,h,t
24/04/18 11:03:10,h,h
24/04/18 11:03:12,h,t
24/04/18 11:03:15,h,h
24/04/18 11:03:17,h,h
24/04/18 11:03:20,h,h
24/04/18 11:03:22,h,t
24/04/18 11:03:26,h,h
24/04/18 11:03:28,h,t
24/04/18 11:03:30,h,t
24/04/18 11:03:33,h,t
24/04/18 11:03:35,h,h
24/04/18 11:03:38,h,h
24/04/18 11:03:40,h,t
24/04/18 11:03:44,h,t
24/04/18 11:03:47,h,h
24/04/18 11:03:49,h,h
24/04/18 11:03:53,h,h
24/04/18 11:03:57,h,t
24/04/18 11:03:59,h,h
24/04/18 11:04:01,h,t
24/04/18 11:04:04,h,h
24/04/18 11:04:06,h,h
24/04/18 11:04:09,h,t
24/04/18 11:04:11,h,h
24/04/18 11:04:13,h,t
24/04/18 11:04:17,h,t
24/04/18 11:04:23,h,h
24/04/18 11:04:28,h,h
24/04/18 11:04:32,h,t
24/04/18 11:04:35,h,h
24/04/18 11:04:37,h,t
24/04/18 11:04:43,h,h
24/04/18 11:04:46,h,t
24/04/18 11:04:49,h,t
24/04/18 11:04:52,h,h
24/04/18 11:04:54,h,h
24/04/18 11:05:22,h,t
24/04/18 11:05:25,h,h
24/04/18 11:05:28,h,t
24/04/18 11:05:31,h,h
24/04/18 11:05:34,h,h
24/04/18 11:05:37,h,t
24/04/18 11:05:40,h,h
24/04/18 11:05:43,h,h
24/04/18 11:05:46,h,t
24/04/18 11:05:48,h,h
24/04/18 11:05:52,h,t
24/04/18 11:05:54,h,t
24/04/18 11:05:56,h,t
24/04/18 11:05:59,h,t
24/04/18 11:06:02,h,t
24/04/18 11:06:06,h,h
24/04/18 11:06:09,h,t
24/04/18 11:06:11,h,h
24/04/18 11:06:14,h,h
24/04/18 11:06:16,h,h
24/04/18 11:06:18,h,h
24/04/18 11:06:21,h,t
24/04/18 11:06:24,h,t
24/04/18 11:06:27,h,h
24/04/18 11:06:33,h,h
24/04/18 11:06:35,h,t
24/04/18 11:06:38,h,h
24/04/18 11:06:40,h,t
24/04/18 11:06:45,h,h
24/04/18 11:06:48,h,t
24/04/18 11:06:51,h,h
24/04/18 11:06:53,h,t
24/04/18 11:06:56,h,h
24/04/18 11:06:59,h,t
24/04/18 11:07:01,h,t
24/04/18 11:07:04,h,h
24/04/18 11:07:06,h,h
24/04/18 11:07:09,h,h
24/04/18 11:07:11,h,t
24/04/18 11:07:15,h,t
24/04/18 11:07:18,h,t
24/04/18 11:07:21,h,t
24/04/18 11:07:22,h,t
24/04/18 11:07:25,h,t
24/04/18 11:07:27,h,h
24/04/18 11:07:30,h,h
24/04/18 11:07:32,h,t
24/04/18 11:07:35,h,h
24/04/18 11:07:37,h,h
24/04/18 11:07:39,h,t
24/04/18 11:07:42,h,t
24/04/18 11:07:44,h,h
24/04/18 11:07:47,h,t
24/04/18 11:07:49,h,h
24/04/18 11:07:52,h,t
24/04/18 11:07:55,h,t
24/04/18 11:07:57,h,t
24/04/18 11:08:00,h,h
24/04/18 11:08:02,h,t
24/04/18 11:08:05,h,h
24/04/18 11:08:07,h,h
24/04/18 11:08:09,h,h
24/04/18 11:08:11,h,t
24/04/18 11:08:15,h,t
24/04/18 11:08:18,h,h
24/04/18 11:08:25,h,h
24/04/18 11:08:28,h,h
24/04/18 11:08:30,h,h
24/04/18 11:08:33,h,t
24/04/18 11:08:36,h,h
24/04/18 11:08:38,h,t
24/04/18 11:08:41,h,h
24/04/18 11:08:43,h,t
24/04/18 11:08:46,h,h
24/04/18 11:08:49,h,h
24/04/18 11:08:52,h,t
24/04/18 11:08:55,h,t
24/04/18 11:08:57,h,h
24/04/18 11:09:00,h,h
24/04/18 11:09:02,h,t
24/04/18 11:09:05,h,t
24/04/18 11:09:08,h,t
24/04/18 11:11:41,h,e
24/04/18 11:11:57,h,h
24/04/18 11:12:17,h,h
24/04/18 11:12:37,h,t
24/04/18 11:12:42,h,t
24/04/18 11:12:55,h,t
24/04/18 11:13:07,h,t
24/04/18 11:13:10,h,h
24/04/18 11:13:12,h,h
24/04/18 11:13:16,h,t
24/04/18 11:13:20,h,t
24/04/18 11:13:24,h,t
24/04/18 11:13:26,h,h
24/04/18 11:13:29,h,t
24/04/18 11:13:33,h,t
24/04/18 11:13:35,h,h
24/04/18 11:13:38,h,h
24/04/18 11:13:40,h,t
24/04/18 11:13:43,h,t
24/04/18 11:13:46,h,h
24/04/18 11:13:49,h,h
24/04/18 11:13:52,h,h
24/04/18 11:13:55,h,h
24/04/18 11:13:57,h,h
24/04/18 11:14:01,h,h
24/04/18 11:14:04,h,t
24/04/18 11:14:08,h,h
24/04/18 11:14:11,h,t
24/04/18 11:14:13,h,t
24/04/18 11:14:15,h,h
24/04/18 11:14:18,h,h
24/04/18 11:14:21,h,h
24/04/18 11:14:23,h,h
24/04/18 11:14:26,h,h
24/04/18 11:14:28,h,t
24/04/18 11:14:31,h,h
24/04/18 11:14:33,h,h
24/04/18 11:14:36,h,t
24/04/18 11:14:39,h,t
24/04/18 11:14:43,h,t
24/04/18 11:14:45,h,t
24/04/18 11:14:48,h,t
24/04/18 11:14:50,h,t
24/04/18 11:14:53,h,h
24/04/18 11:14:56,h,t
24/04/18 11:14:58,h,h
24/04/18 11:15:01,h,h
24/04/18 11:15:03,h,h
24/04/18 11:15:05,h,h
24/04/18 11:15:08,h,h
24/04/18 11:15:10,h,h
24/04/18 11:15:18,h,t
24/04/18 11:15:21,h,t
24/04/18 11:15:23,h,t
24/04/18 11:15:26,h,h
24/04/18 11:15:28,h,h
24/04/18 11:15:31,h,h
24/04/18 11:15:34,h,t
24/04/18 11:15:38,h,h
24/04/18 11:15:43,h,t
24/04/18 11:15:45,h,t
24/04/18 11:15:47,h,h
24/04/18 11:15:51,h,t
24/04/18 11:15:53,h,h
24/04/18 11:15:56,h,t
24/04/18 11:15:59,h,h
24/04/18 11:16:01,h,h
24/04/18 11:16:03,h,t
24/04/18 11:16:06,h,h
24/04/18 11:16:09,h,t
24/04/18 11:16:12,h,t
24/04/18 11:16:14,h,h
24/04/18 11:16:17,h,t
24/04/18 11:16:19,h,h
24/04/18 11:16:22,h,t
24/04/18 11:16:27,h,t
24/04/18 11:16:30,h,t
24/04/18 11:16:33,h,h
24/04/18 11:16:38,h,h
24/04/18 11:16:40,h,h
24/04/18 11:16:43,h,h
24/04/18 11:16:45,h,h
24/04/18 11:16:50,h,h
24/04/18 11:16:53,h,t
24/04/18 11:16:58,h,h
24/04/18 11:17:01,h,h
24/04/18 11:17:04,h,h
24/04/18 11:17:07,h,h
24/04/18 11:17:12,h,h
24/04/18 11:17:15,h,h
24/04/18 11:17:17,h,t
24/04/18 11:17:25,h,t
24/04/18 11:17:28,h,h
24/04/18 11:17:31,h,h
24/04/18 11:17:33,h,h
24/04/18 11:18:43,h,h
24/04/18 11:18:45,h,t
24/04/18 11:18:49,h,h
24/04/18 11:18:52,h,t
24/04/18 11:18:54,h,t
24/04/18 11:19:04,h,h
24/04/18 11:19:08,h,h
24/04/18 11:19:11,h,t
24/04/18 11:19:19,h,t
24/04/18 11:19:22,h,h
24/04/18 11:19:24,h,h
24/04/18 11:19:27,h,t
24/04/18 11:19:30,h,h
24/04/18 11:19:33,h,t
24/04/18 11:19:36,h,h
24/04/18 11:19:39,h,h
24/04/18 11:19:43,h,h
24/04/18 11:19:45,h,t
24/04/18 11:19:48,h,t
24/04/18 11:19:51,h,t
24/04/18 11:19:53,h,h
24/04/18 11:19:56,h,t
24/04/18 11:19:59,h,h
24/04/18 11:20:02,h,h
24/04/18 11:20:05,h,h
24/04/18 11:20:07,h,t
24/04/18 11:20:11,h,h
24/04/18 11:20:14,h,t
24/04/18 11:20:16,h,h
24/04/18 11:20:19,h,h
24/04/18 11:20:22,h,h
24/04/18 11:20:24,h,t
24/04/18 11:20:27,h,t
24/04/18 11:20:29,h,t
24/04/18 11:20:32,h,t
24/04/18 11:20:34,h,h
24/04/18 11:20:37,h,h
24/04/18 11:20:39,h,h
24/04/18 11:20:42,h,h
24/04/18 11:20:45,h,h
24/04/18 11:20:47,h,t
24/04/18 11:20:50,h,h
24/04/18 11:20:52,h,h
24/04/18 11:20:55,h,h
24/04/18 11:20:58,h,h
24/04/18 11:21:01,h,h
24/04/18 11:21:03,h,t
24/04/18 11:21:07,h,h
24/04/18 11:21:12,h,t
24/04/18 11:21:15,h,t
24/04/18 11:21:18,h,h
24/04/18 11:21:24,h,h
24/04/18 11:21:27,h,t
24/04/18 11:21:33,h,t
24/04/18 11:21:36,h,t
24/04/18 11:21:39,h,h
24/04/18 11:21:42,h,t
24/04/18 11:21:43,h,h
24/04/18 11:21:46,h,t
24/04/18 11:21:49,h,h
24/04/18 11:21:51,h,t
24/04/18 11:21:53,h,t
24/04/18 11:21:58,h,t
24/04/18 11:22:01,h,t
24/04/18 11:22:03,h,t
24/04/18 11:22:05,h,h
24/04/18 11:22:07,h,t
24/04/18 11:22:10,h,h
24/04/18 11:22:14,h,h
24/04/18 11:22:15,h,t
24/04/18 11:22:18,h,h
24/04/18 11:22:20,h,t
24/04/18 11:22:23,h,t
24/04/18 11:22:25,h,t
24/04/18 11:22:28,h,h
24/04/18 11:22:31,h,h
24/04/18 11:22:33,h,t
24/04/18 11:22:36,h,h
24/04/18 11:22:38,h,t
24/04/18 11:22:40,h,h
24/04/18 11:22:43,h,t
24/04/18 11:22:45,h,t
24/04/18 11:22:48,h,h
24/04/18 11:22:51,h,t
24/04/18 11:22:54,h,t
24/04/18 11:22:59,h,h
24/04/18 11:23:01,h,h
24/04/18 11:23:05,h,h
24/04/18 11:23:08,h,t
24/04/18 11:23:13,h,t
24/04/18 11:23:16,h,t
24/04/18 11:23:18,h,h
24/04/18 11:23:20,h,t
24/04/18 11:23:24,h,h
24/04/18 11:23:27,h,t
24/04/18 11:23:29,h,h
24/04/18 11:23:32,h,t
24/04/18 11:23:35,h,t
24/04/18 11:23:39,h,h
24/04/18 11:23:41,h,h
24/04/18 11:23:43,h,h
24/04/18 11:23:47,h,t
24/04/18 11:23:49,h,t
24/04/18 11:23:51,h,t
24/04/18 11:23:56,h,t
24/04/18 11:23:58,h,h
24/04/18 11:24:01,h,h
24/04/18 11:24:03,h,h
24/04/18 11:24:05,h,h
24/04/18 11:24:07,h,t
24/04/18 11:24:10,h,h
24/04/18 11:24:13,h,h
24/04/18 11:24:15,h,h
24/04/18 11:24:17,h,h
24/04/18 11:24:22,h,t
24/04/18 11:24:25,h,t
24/04/18 11:24:28,h,t
24/04/18 11:24:30,h,h
24/04/18 11:24:33,h,t
24/04/18 11:24:35,h,t
24/04/18 11:24:38,h,t
24/04/18 11:24:42,h,h
24/04/18 11:24:43,h,h
24/04/18 11:24:46,h,t
24/04/18 11:24:49,h,h
24/04/18 11:24:51,h,h
24/04/18 11:24:55,h,h
24/04/18 11:24:57,h,h
24/04/18 11:25:00,h,t
24/04/18 11:25:03,h,t
24/04/18 11:25:05,h,t
24/04/18 11:25:09,h,h
24/04/18 11:25:12,h,t
24/04/18 11:25:15,h,t
24/04/18 11:25:18,h,t
24/04/18 11:25:20,h,h
24/04/18 11:25:24,h,t
24/04/18 11:25:27,h,t
24/04/18 11:25:30,h,h
24/04/18 11:25:32,h,h
24/04/18 11:25:34,h,t
24/04/18 11:25:37,h,h
24/04/18 11:25:39,h,h
24/04/18 11:25:42,h,h
24/04/18 11:25:44,h,t
24/04/18 11:25:47,h,t
24/04/18 11:25:50,h,t
24/04/18 11:25:52,h,t
24/04/18 11:25:59,h,h
24/04/18 11:26:00,h,t
24/04/18 11:26:03,h,h
24/04/18 11:26:05,h,h
24/04/18 11:26:07,h,t
24/04/18 11:26:10,h,h
24/04/18 11:26:12,h,h
24/04/18 11:26:15,h,h
24/04/18 11:26:18,h,h
24/04/18 11:26:21,h,t
24/04/18 11:26:24,h,t
24/04/18 11:26:26,h,t
24/04/18 11:26:30,h,h
24/04/18 11:26:35,h,t
24/04/18 11:26:37,h,h
24/04/18 11:26:40,h,h
24/04/18 11:26:42,h,h
24/04/18 11:26:55,h,t
24/04/18 11:26:58,h,h
24/04/18 11:27:00,h,t
24/04/18 11:27:06,h,h
24/04/18 11:27:08,h,t
24/04/18 11:27:12,h,h
24/04/18 11:27:15,h,h
24/04/18 11:27:17,h,h
24/04/18 11:27:21,h,t
24/04/18 11:27:25,h,t
24/04/18 11:27:30,h,t
24/04/18 11:27:33,h,t
24/04/18 11:27:37,h,h
24/04/18 11:27:59,h,t
24/04/18 11:28:02,h,h
24/04/18 11:28:04,h,t
24/04/18 11:28:07,h,t
24/04/18 11:28:10,h,h
24/04/18 11:28:14,h,h
24/04/18 11:28:17,h,t
24/04/18 11:28:19,h,h
24/04/18 11:28:22,h,h
24/04/18 11:28:24,h,t
24/04/18 11:28:27,h,h
24/04/18 11:28:30,h,h
24/04/18 11:28:32,h,t
24/04/18 11:28:35,h,h
24/04/18 11:28:37,h,t
24/04/18 11:28:40,h,h
24/04/18 11:28:42,h,h
24/04/18 11:28:44,h,t
24/04/18 11:28:47,h,t
24/04/18 11:28:49,h,h
24/04/18 11:28:54,h,h
24/04/18 11:28:57,h,h
24/04/18 11:28:59,h,t
24/04/18 11:29:02,h,t
24/04/18 11:29:04,h,t
24/04/18 11:29:07,h,t
24/04/18 11:29:09,h,t
24/04/18 11:29:12,h,h
24/04/18 11:29:18,h,t
24/04/18 11:29:22,h,h
24/04/18 11:29:25,h,h
24/04/18 11:29:28,h,t
24/04/18 11:29:30,h,h
24/04/18 11:29:32,h,h
24/04/18 11:29:35,h,t
24/04/18 11:29:38,h,t
24/04/18 11:29:45,h,t
24/04/18 11:29:48,h,h
24/04/18 11:29:50,h,h
24/04/18 11:29:53,h,t
24/04/18 11:29:56,h,t
24/04/18 11:29:58,h,t
24/04/18 11:30:01,h,t
24/04/18 11:30:03,h,h
24/04/18 11:30:06,h,t
24/04/18 11:30:08,h,h
24/04/18 11:30:11,h,t
24/04/18 11:30:15,h,t
24/04/18 11:30:18,h,t
24/04/18 11:30:23,h,t
24/04/18 11:30:26,h,t
24/04/18 11:30:28,h,t
24/04/18 11:30:31,h,t
24/04/18 11:30:34,h,h
24/04/18 11:30:37,h,t
24/04/18 11:30:40,h,t
24/04/18 11:30:43,h,h
24/04/18 11:30:46,h,h
24/04/18 11:30:49,h,t
24/04/18 11:30:51,h,h
24/04/18 11:30:54,h,t
24/04/18 11:30:57,h,t
24/04/18 11:30:59,h,t
24/04/18 11:31:02,h,h
24/04/18 11:31:04,h,h
24/04/18 11:31:07,h,h
24/04/18 11:31:10,h,h
24/04/18 11:31:12,h,t
24/04/18 11:31:16,h,t
24/04/18 11:31:18,h,t
24/04/18 11:31:21,h,h
24/04/18 11:31:24,h,h
24/04/18 11:31:27,h,h
24/04/18 11:31:30,h,h
24/04/18 11:31:33,h,t
24/04/18 11:31:36,h,t
24/04/18 11:31:39,h,h
24/04/18 11:31:41,h,h
24/04/18 11:31:44,h,t
24/04/18 11:31:47,h,t
24/04/18 11:31:52,h,t
24/04/18 11:31:55,h,h
24/04/18 11:31:57,h,h
24/04/18 11:32:05,h,h
24/04/18 11:32:07,h,h
24/04/18 11:32:11,h,t
24/04/18 11:32:13,h,h
24/04/18 11:32:15,h,h
24/04/18 11:32:19,h,h
24/04/18 11:32:22,h,t
24/04/18 11:32:24,h,h
24/04/18 11:32:27,h,t
24/04/18 11:32:30,h,t
24/04/18 11:32:32,h,t
24/04/18 11:32:34,h,t
24/04/18 11:32:37,h,h
24/04/18 11:32:42,h,h
24/04/18 11:32:47,h,t
24/04/18 11:32:49,h,h
24/04/18 11:32:52,h,h
24/04/18 11:32:54,h,h
24/04/18 11:32:57,h,t
24/04/18 11:33:01,h,t
24/04/18 11:33:04,h,h
24/04/18 11:33:06,h,h
24/04/18 11:33:09,h,h
24/04/18 11:33:11,h,h
24/04/18 11:33:15,h,h
24/04/18 11:33:17,h,t
24/04/18 11:33:20,h,h
24/04/18 11:33:23,h,t
24/04/18 11:33:25,h,h
24/04/18 11:33:28,h,t
24/04/18 11:33:31,h,h
24/04/18 11:33:35,h,h
24/04/18 11:33:38,h,h
24/04/18 11:33:41,h,h
24/04/18 11:33:43,h,h
24/04/18 11:33:45,h,t
24/04/18 11:33:48,h,h
24/04/18 11:33:50,h,h
24/04/18 11:33:54,h,t
24/04/18 11:33:56,h,h
24/04/18 11:33:58,h,t
24/04/18 11:34:01,h,h
24/04/18 11:34:03,h,h
24/04/18 11:34:06,h,t
24/04/18 11:34:09,h,t
24/04/18 11:34:11,h,t
24/04/18 11:34:16,h,h
24/04/18 11:34:18,h,h
24/04/18 11:34:20,h,h
24/04/18 11:34:23,h,t
24/04/18 11:34:25,h,h
24/04/18 11:34:29,h,h
24/04/18 11:34:31,h,h
24/04/18 11:34:35,h,h
24/04/18 11:34:37,h,t
24/04/18 11:34:39,h,h
24/04/18 11:34:42,h,t
24/04/18 11:34:47,h,t
24/04/18 11:34:50,h,h
24/04/18 11:34:52,h,t
24/04/18 11:34:54,h,t
24/04/18 11:34:56,h,t
24/04/18 11:34:59,h,h
24/04/18 11:35:01,h,h
24/04/18 11:35:03,h,t
24/04/18 11:35:06,h,h
24/04/18 11:35:09,h,t
24/04/18 11:35:11,h,t
24/04/18 11:35:14,h,h
24/04/18 11:35:16,h,t
24/04/18 11:35:20,h,h
24/04/18 11:35:23,h,t
24/04/18 12:41:22,t,t
24/04/18 12:41:27,t,t
24/04/18 12:41:29,t,t
24/04/18 12:41:34,t,h
24/04/18 12:41:36,t,t
24/04/18 12:41:39,t,t
24/04/18 12:41:42,t,h
24/04/18 12:41:45,t,t
24/04/18 12:41:48,t,h
24/04/18 12:41:55,t,h
24/04/18 12:41:58,t,h
24/04/18 12:42:01,t,t
24/04/18 12:42:03,t,h
24/04/18 12:42:07,t,h
24/04/18 12:42:10,t,t
24/04/18 12:42:29,t,e
24/04/18 12:45:51,t,h
24/04/18 12:47:46,t,t
24/04/18 12:47:49,t,t
24/04/18 12:47:51,t,h
24/04/18 12:47:53,t,h
24/04/18 12:47:56,t,t
24/04/18 12:47:58,t,h
24/04/18 12:48:02,t,t
24/04/18 12:48:04,t,h
24/04/18 12:48:07,t,t
24/04/18 12:48:10,t,t
24/04/18 12:48:12,t,t
24/04/18 12:48:15,t,t
24/04/18 12:48:17,t,h
24/04/18 12:48:20,t,t
24/04/18 12:48:22,t,h
24/04/18 12:48:24,t,t
24/04/18 12:48:26,t,h
24/04/18 12:48:30,t,t
24/04/18 12:48:32,t,h
24/04/18 12:48:37,t,t
24/04/18 12:48:39,t,t
24/04/18 12:48:44,t,h
24/04/18 12:48:47,t,h
24/04/18 12:48:52,t,h
24/04/18 12:48:57,t,h
24/04/18 12:49:03,t,h
24/04/18 12:49:03,t,t
24/04/18 12:49:24,t,h
24/04/18 12:49:27,t,t
24/04/18 12:49:30,t,t
24/04/18 12:49:33,t,t
24/04/18 12:49:37,t,t
24/04/18 12:49:40,t,t
24/04/18 12:49:42,t,t
24/04/18 12:49:47,t,t
24/04/18 12:49:49,t,t
24/04/18 12:49:51,t,t
24/04/18 12:49:54,t,h
24/04/18 12:49:56,t,t
24/04/18 12:50:01,t,t
24/04/18 12:50:03,t,h
24/04/18 12:50:06,t,t
24/04/18 12:50:09,t,h
24/04/18 12:50:11,t,h
24/04/18 12:50:14,t,t
24/04/18 12:50:17,t,t
24/04/18 12:50:19,t,t
24/04/18 12:50:21,t,h
24/04/18 12:50:27,t,t
24/04/18 12:50:32,t,h
24/04/18 12:50:34,t,t
24/04/18 12:50:37,t,h
24/04/18 12:50:41,t,h
24/04/18 12:50:45,t,h
24/04/18 12:50:48,t,t
24/04/18 12:50:50,t,t
24/04/18 12:50:53,t,t
24/04/18 12:50:55,t,t
24/04/18 12:50:58,t,t
24/04/18 12:51:00,t,t
24/04/18 12:51:05,t,h
24/04/18 12:51:07,t,t
24/04/18 12:51:10,t,h
24/04/18 12:51:13,t,h
24/04/18 12:51:16,t,t
24/04/18 12:51:19,t,t
24/04/18 12:51:22,t,h
24/04/18 12:51:26,t,h
24/04/18 12:51:29,t,t
24/04/18 12:51:31,t,h
24/04/18 12:51:34,t,h
24/04/18 12:51:39,t,t
24/04/18 12:51:42,t,h
24/04/18 12:51:45,t,t
24/04/18 12:51:47,t,t
24/04/18 12:51:51,t,h
24/04/18 12:51:54,t,h
24/04/18 12:51:57,t,h
24/04/18 12:52:00,t,h
24/04/18 12:52:03,t,h
24/04/18 12:52:06,t,t
24/04/18 12:52:10,t,h
24/04/18 12:52:12,t,t
24/04/18 12:52:16,t,t
24/04/18 12:52:19,t,h
24/04/18 12:52:21,t,h
24/04/18 12:52:24,t,h
24/04/18 12:52:26,t,t
24/04/18 12:52:28,t,t
24/04/18 12:52:34,t,h
24/04/18 12:52:40,t,h
24/04/18 12:52:43,t,h
24/04/18 12:52:49,t,h
24/04/18 12:52:55,t,h
24/04/18 12:52:58,t,t
24/04/18 12:53:03,t,t
24/04/18 12:53:06,t,t
24/04/18 12:53:08,t,t
24/04/18 12:53:11,t,t
24/04/18 12:53:12,t,h
24/04/18 12:53:15,t,t
24/04/18 12:53:17,t,h
24/04/18 12:53:21,t,h
24/04/18 12:53:24,t,h
24/04/18 12:53:27,t,h
24/04/18 12:53:30,t,h
24/04/18 12:53:32,t,t
24/04/18 12:53:40,t,h
24/04/18 12:53:44,t,h
24/04/18 12:53:47,t,h
24/04/18 12:53:53,t,t
24/04/18 12:53:55,t,t
24/04/18 12:53:58,t,h
24/04/18 12:54:01,t,h
24/04/18 12:54:05,t,h
24/04/18 12:54:07,t,h
24/04/18 12:54:09,t,t
24/04/18 12:54:13,t,h
24/04/18 12:54:19,t,t
24/04/18 12:54:22,t,h
24/04/18 12:54:25,t,h
24/04/18 12:54:30,t,h
24/04/18 12:54:32,t,h
24/04/18 12:54:35,t,t
24/04/18 12:54:37,t,h
24/04/18 12:54:40,t,h
24/04/18 12:54:42,t,h
24/04/18 12:54:45,t,h
24/04/18 12:54:47,t,t
24/04/18 12:54:51,t,h
24/04/18 12:54:53,t,h
24/04/18 12:54:56,t,t
24/04/18 12:54:59,t,t
24/04/18 12:55:01,t,h
24/04/18 12:55:03,t,h
24/04/18 12:55:07,t,t
24/04/18 12:55:10,t,t
24/04/18 12:55:12,t,t
24/04/18 12:55:15,t,t
24/04/18 12:55:21,t,h
24/04/18 12:55:24,t,h
24/04/18 12:55:27,t,h
24/04/18 12:55:30,t,h
24/04/18 12:55:34,t,t
24/04/18 12:55:37,t,h
24/04/18 12:55:40,t,h
24/04/18 12:55:44,t,t
24/04/18 12:55:51,t,h
24/04/18 12:55:56,t,t
24/04/18 12:55:58,t,h
24/04/18 12:56:02,t,h
24/04/18 12:56:05,t,h
24/04/18 12:56:08,t,h
24/04/18 12:56:10,t,h
24/04/18 12:56:13,t,t
24/04/18 12:56:17,t,t
24/04/18 12:56:19,t,h
24/04/18 12:56:27,t,h
24/04/18 12:56:30,t,h
24/04/18 12:56:33,t,t
24/04/18 12:56:39,t,t
24/04/18 12:56:41,t,h
24/04/18 12:56:44,t,t
24/04/18 12:56:47,t,t
24/04/18 12:56:49,t,h
24/04/18 12:56:53,t,h
24/04/18 12:56:55,t,t
24/04/18 12:56:58,t,h
24/04/18 12:57:04,t,h
24/04/18 12:57:07,t,h
24/04/18 12:57:10,t,h
24/04/18 12:57:13,t,t
24/04/18 12:57:16,t,t
24/04/18 12:57:21,t,t
24/04/18 12:57:25,t,t
24/04/18 12:57:27,t,t
24/04/18 12:57:30,t,t
24/04/18 12:57:33,t,h
24/04/18 12:57:36,t,t
24/04/18 12:57:38,t,h
24/04/18 12:57:40,t,t
24/04/18 12:57:43,t,t
24/04/18 12:57:46,t,h
24/04/18 12:57:49,t,t
24/04/18 12:57:52,t,t
24/04/18 12:57:54,t,h
24/04/18 12:57:57,t,t
24/04/18 12:58:00,t,h
24/04/18 12:58:03,t,t
24/04/18 12:58:07,t,h
24/04/18 12:58:09,t,t
24/04/18 12:58:12,t,h
24/04/18 12:58:15,t,h
24/04/18 12:58:21,t,h
24/04/18 12:58:24,t,t
24/04/18 12:58:27,t,t
24/04/18 12:58:30,t,h
24/04/18 12:58:34,t,t
24/04/18 12:58:36,t,t
24/04/18 12:58:39,t,t
24/04/18 12:58:41,t,t
24/04/18 12:58:44,t,h
24/04/18 12:58:48,t,h
24/04/18 12:58:51,t,t
24/04/18 12:58:54,t,h
24/04/18 12:59:05,t,h
24/04/18 12:59:08,t,h
24/04/18 12:59:11,t,h
24/04/18 12:59:14,t,t
24/04/18 12:59:16,t,t
24/04/18 12:59:20,t,h
24/04/18 12:59:23,t,h
24/04/18 12:59:25,t,h
24/04/18 12:59:29,t,h
24/04/18 12:59:32,t,h
24/04/18 12:59:34,t,h
24/04/18 12:59:37,t,t
24/04/18 12:59:39,t,h
24/04/18 12:59:42,t,t
24/04/18 12:59:45,t,t
24/04/18 12:59:50,t,t
24/04/18 12:59:53,t,t
24/04/18 12:59:58,t,t
24/04/18 13:00:01,t,t
24/04/18 13:00:04,t,t
24/04/18 13:00:06,t,t
24/04/18 13:00:12,t,t
24/04/18 13:00:15,t,h
24/04/18 13:00:21,t,t
24/04/18 13:00:22,t,h
24/04/18 13:00:25,t,h
24/04/18 13:00:28,t,t
24/04/18 13:00:31,t,h
24/04/18 13:00:33,t,t
24/04/18 13:00:36,t,t
24/04/18 13:00:38,t,t
24/04/18 13:00:41,t,t
24/04/18 13:00:43,t,h
24/04/18 13:00:46,t,t
24/04/18 13:00:48,t,t
24/04/18 13:00:53,t,h
24/04/18 13:00:56,t,h
24/04/18 13:00:58,t,h
24/04/18 13:01:01,t,h
24/04/18 13:01:04,t,t
24/04/18 13:01:06,t,t
24/04/18 13:01:10,t,h
24/04/18 13:01:12,t,t
24/04/18 13:01:17,t,t
24/04/18 13:01:21,t,h
24/04/18 13:01:24,t,h
24/04/18 13:01:27,t,t
24/04/18 13:01:30,t,h
24/04/18 13:01:33,t,h
24/04/18 13:01:38,t,t
24/04/18 13:01:42,t,t
24/04/18 13:01:44,t,h
24/04/18 13:01:47,t,t
24/04/18 13:01:50,t,t
24/04/18 13:01:53,t,t
24/04/18 13:01:56,t,h
24/04/18 13:02:00,t,h
24/04/18 13:02:03,t,t
24/04/18 13:02:05,t,t
24/04/18 13:02:07,t,h
24/04/18 13:02:11,t,h
24/04/18 13:02:13,t,h
24/04/18 13:02:15,t,t
24/04/18 13:02:19,t,h
24/04/18 13:02:21,t,h
24/04/18 13:02:23,t,t
24/04/18 13:02:26,t,h
24/04/18 13:02:29,t,h
24/04/18 13:02:32,t,t
24/04/18 13:02:35,t,t
24/04/18 13:02:38,t,t
24/04/18 13:02:41,t,t
24/04/18 13:02:42,t,t
24/04/18 13:02:46,t,t
24/04/18 13:02:48,t,h
24/04/18 13:02:51,t,h
24/04/18 13:02:53,t,t
24/04/18 13:02:56,t,h
24/04/18 13:02:59,t,t
24/04/18 13:03:01,t,t
24/04/18 13:03:06,t,h
24/04/18 13:03:08,t,t
24/04/18 13:03:10,t,h
24/04/18 13:03:13,t,h
24/04/18 13:03:16,t,t
24/04/18 13:03:19,t,h
24/04/18 13:03:21,t,t
24/04/18 13:03:24,t,t
24/04/18 13:03:27,t,h
24/04/18 13:03:29,t,t
24/04/18 13:03:32,t,t
24/04/18 13:03:35,t,h
24/04/18 13:03:37,t,h
24/04/18 13:03:42,t,t
24/04/18 13:03:44,t,t
24/04/18 13:03:47,t,h
24/04/18 13:03:50,t,h
24/04/18 13:03:52,t,t
24/04/18 13:03:59,t,h
24/04/18 13:04:02,t,h
24/04/18 13:04:05,t,t
24/04/18 13:04:07,t,t
24/04/18 13:04:09,t,t
24/04/18 13:04:14,t,t
24/04/18 13:04:17,t,t
24/04/18 13:04:20,t,t
24/04/18 13:04:22,t,h
24/04/18 13:04:26,t,t
24/04/18 13:04:30,t,h
24/04/18 13:04:33,t,h
24/04/18 13:04:36,t,h
24/04/18 13:04:39,t,t
24/04/18 13:05:56,t,h
24/04/18 13:06:00,t,t
24/04/18 13:06:02,t,t
24/04/18 13:06:05,t,t
24/04/18 13:06:08,t,h
24/04/18 13:06:11,t,t
24/04/18 13:06:13,t,h
24/04/18 13:06:16,t,t
24/04/18 13:06:18,t,h
24/04/18 13:06:20,t,t
24/04/18 13:06:23,t,h
24/04/18 13:06:25,t,h
24/04/18 13:06:27,t,t
24/04/18 13:06:30,t,t
24/04/18 13:06:33,t,t
24/04/18 13:06:36,t,t
24/04/18 13:06:38,t,h
24/04/18 13:06:40,t,t
24/04/18 13:06:43,t,h
24/04/18 13:06:46,t,h
24/04/18 13:06:48,t,t
24/04/18 13:06:52,t,h
24/04/18 13:06:54,t,t
24/04/18 13:06:57,t,t
24/04/18 13:06:59,t,t
24/04/18 13:07:02,t,h
24/04/18 13:07:04,t,t
24/04/18 13:07:07,t,t
24/04/18 13:07:09,t,t
24/04/18 13:07:16,t,h
24/04/18 13:07:19,t,t
24/04/18 13:07:21,t,t
24/04/18 13:07:24,t,t
24/04/18 13:07:26,t,h
24/04/18 13:07:29,t,h
24/04/18 13:07:33,t,t
24/04/18 13:07:35,t,t
24/04/18 13:07:37,t,h
24/04/18 13:07:40,t,h
24/04/18 13:07:42,t,t
24/04/18 13:07:45,t,t
24/04/18 13:07:47,t,h
24/04/18 13:07:52,t,h
24/04/18 13:07:57,t,h
24/04/18 13:07:59,t,h
24/04/18 13:08:02,t,h
24/04/18 13:08:06,t,t
24/04/18 13:08:07,t,t
24/04/18 13:08:11,t,h
24/04/18 13:08:13,t,t
24/04/18 13:08:19,t,t
24/04/18 13:08:21,t,t
24/04/18 13:08:26,t,h
24/04/18 13:08:32,t,h
24/04/18 13:08:34,t,h
24/04/18 13:08:37,t,t
24/04/18 13:08:39,t,h
24/04/18 13:08:42,t,h
24/04/18 13:08:44,t,t
24/04/18 13:08:47,t,t
24/04/18 13:08:49,t,h
24/04/18 13:08:52,t,t
24/04/18 13:08:56,t,h
24/04/18 13:08:59,t,t
24/04/18 13:09:01,t,t
24/04/18 13:09:35,t,t
24/04/18 13:09:58,t,t
24/04/18 13:10:00,t,h
24/04/18 13:10:04,t,h
24/04/18 13:10:08,t,h
24/04/18 13:10:10,t,t
24/04/18 13:10:14,t,h
24/04/18 13:10:19,t,t
24/04/18 13:10:21,t,t
24/04/18 13:10:23,t,t
24/04/18 13:10:26,t,h
24/04/18 13:10:28,t,t
24/04/18 13:10:30,t,t
24/04/18 13:11:08,t,t
24/04/18 13:11:12,t,h
24/04/18 13:11:20,t,h
24/04/18 13:11:31,t,h
24/04/18 13:11:36,t,h
24/04/18 13:11:40,t,t
24/04/18 13:11:42,t,h
24/04/18 13:11:45,t,t
24/04/18 13:11:48,t,h
24/04/18 13:11:51,t,t
24/04/18 13:11:53,t,t
24/04/18 13:11:56,t,h
24/04/18 13:12:02,t,t
24/04/18 13:12:04,t,t
24/04/18 13:12:08,t,t
24/04/18 13:12:11,t,t
24/04/18 13:12:13,t,t
24/04/18 13:12:16,t,h
24/04/18 13:12:19,t,t
24/04/18 13:12:21,t,h
24/04/18 13:12:24,t,t
24/04/18 13:12:26,t,t
24/04/18 13:12:29,t,t
24/04/18 13:12:31,t,t
24/04/18 13:12:34,t,h
24/04/18 13:12:37,t,h
24/04/18 13:12:40,t,h
24/04/18 13:12:44,t,h
24/04/18 13:12:46,t,h
24/04/18 13:12:50,t,t
24/04/18 13:12:52,t,h
24/04/18 13:12:55,t,h
24/04/18 13:12:57,t,h
24/04/18 13:13:00,t,h
24/04/18 13:13:03,t,h
24/04/18 13:13:04,t,t
24/04/18 13:13:07,t,h
24/04/18 13:13:10,t,h
24/04/18 13:13:12,t,t
24/04/18 13:13:14,t,t
24/04/18 13:13:17,t,t
24/04/18 13:13:18,t,h
24/04/18 13:13:22,t,t
24/04/18 13:13:24,t,t
24/04/18 13:13:26,t,h
24/04/18 13:13:28,t,t
24/04/18 13:13:30,t,h
24/04/18 13:13:32,t,t
24/04/18 13:13:35,t,t
24/04/18 13:13:36,t,h
24/04/18 13:13:39,t,t
24/04/18 13:13:41,t,h
24/04/18 13:13:45,t,t
24/04/18 13:13:47,t,t
24/04/18 13:13:53,t,t
24/04/18 13:15:19,t,t
24/04/18 13:15:35,t,e
24/04/18 13:17:02,t,t
24/04/18 13:17:04,t,t
24/04/18 13:17:06,t,t
24/04/18 13:17:09,t,h
24/04/18 13:17:11,t,t
24/04/18 13:17:14,t,h
24/04/18 13:17:16,t,h
24/04/18 13:17:20,t,h
24/04/18 13:17:22,t,t
24/04/18 13:17:24,t,h
24/04/18 13:17:26,t,t
24/04/18 13:17:29,t,h
24/04/18 13:17:32,t,h
24/04/18 13:17:34,t,h
24/04/18 13:17:36,t,h
24/04/18 13:17:39,t,h
24/04/18 13:17:42,t,h
24/04/18 13:17:44,t,h
24/04/18 13:17:49,t,t
24/04/18 13:17:51,t,h
24/04/18 13:17:54,t,t
24/04/18 13:17:57,t,h
24/04/18 13:18:00,t,h
24/04/18 13:18:03,t,t
24/04/18 13:18:06,t,h
24/04/18 13:18:09,t,t
24/04/18 13:18:11,t,t
24/04/18 13:18:13,t,h
24/04/18 13:18:20,t,h
24/04/18 13:18:23,t,h
24/04/18 13:18:26,t,h
24/04/18 13:18:31,t,t
24/04/18 13:18:33,t,h
24/04/18 13:18:38,t,t
24/04/18 13:18:41,t,h
24/04/18 13:18:42,t,h
24/04/18 13:18:47,t,t
24/04/18 13:18:51,t,h
24/04/18 13:18:53,t,t
24/04/18 13:18:56,t,h
24/04/18 13:18:59,t,h
24/04/18 13:19:02,t,t
24/04/18 13:19:04,t,h
24/04/18 13:19:06,t,h
24/04/18 13:19:08,t,h
24/04/18 13:19:16,t,h
24/04/18 13:19:19,t,h
24/04/18 13:19:20,t,h
24/04/18 13:19:23,t,t
24/04/18 13:19:26,t,h
24/04/18 13:19:28,t,h
24/04/18 13:19:30,t,t
24/04/18 13:19:35,t,t
24/04/18 13:19:37,t,h
24/04/18 13:19:39,t,t
24/04/18 13:19:43,t,h
24/04/18 13:19:47,t,h
24/04/18 13:19:53,t,h
24/04/18 13:19:56,t,h
24/04/18 13:19:59,t,t
24/04/18 13:20:01,t,t
24/04/18 13:20:03,t,t
24/04/18 13:20:06,t,h
24/04/18 13:20:08,t,h
24/04/18 13:20:13,t,h
24/04/18 13:20:15,t,t
24/04/18 13:20:18,t,t
24/04/18 13:20:23,t,t
24/04/18 13:20:24,t,h
24/04/18 13:20:26,t,t
24/04/18 13:20:28,t,t
24/04/18 13:20:31,t,t
24/04/18 13:20:33,t,h
24/04/18 13:20:35,t,h
24/04/18 13:20:37,t,t
24/04/18 13:20:40,t,h
24/04/18 13:20:43,t,h
24/04/18 13:20:47,t,h
24/04/18 13:20:51,t,t
24/04/18 13:20:53,t,h
24/04/18 13:20:56,t,h
24/04/18 13:21:00,t,h
24/04/18 13:21:03,t,h
24/04/18 13:21:06,t,h
24/04/18 13:21:08,t,t
24/04/18 13:21:12,t,t
24/04/18 13:21:14,t,h
24/04/18 13:21:16,t,t
24/04/18 13:21:24,t,h
24/04/18 13:21:27,t,t
24/04/18 13:21:30,t,t
24/04/18 13:21:31,t,h
24/04/18 13:21:34,t,h
24/04/18 13:21:36,t,t
24/04/18 13:21:38,t,t
24/04/18 13:21:41,t,h
24/04/18 13:21:45,t,h
24/04/18 13:21:51,t,h
24/04/18 13:21:53,t,t
24/04/18 13:21:55,t,t
24/04/18 13:21:58,t,h
24/04/18 13:22:01,t,h
24/04/18 13:22:03,t,h
24/04/18 13:22:06,t,t
24/04/18 13:22:10,t,t
24/04/18 13:22:12,t,h
24/04/18 13:22:15,t,t
24/04/18 13:22:18,t,h
24/04/18 13:22:21,t,t
24/04/18 13:22:24,t,h
24/04/18 13:22:28,t,t
24/04/18 13:22:29,t,t
24/04/18 13:22:32,t,t
24/04/18 13:22:35,t,h
24/04/18 13:22:38,t,t
24/04/18 13:22:40,t,t
24/04/18 13:22:41,t,t
24/04/18 13:22:44,t,t
24/04/18 13:22:46,t,t
24/04/18 13:22:48,t,h
24/04/18 13:22:51,t,t
24/04/18 13:22:53,t,t
24/04/18 13:22:55,t,t
24/04/18 13:22:58,t,t
24/04/18 13:23:00,t,t
24/04/18 13:23:03,t,t
24/04/18 13:23:05,t,t
24/04/18 13:23:07,t,t
24/04/18 13:23:09,t,t
24/04/18 13:23:12,t,h
24/04/18 13:23:14,t,h
24/04/18 13:23:17,t,h
24/04/18 13:23:31,t,t
24/04/18 13:23:35,t,t
24/04/18 13:23:37,t,h
24/04/18 13:23:39,t,t
24/04/18 13:23:42,t,h
24/04/18 13:23:47,t,h
24/04/18 13:24:04,t,h
24/04/18 13:24:06,t,t
24/04/18 13:24:08,t,h
24/04/18 13:24:10,t,h
24/04/18 13:24:12,t,t
24/04/18 13:24:15,t,h
24/04/18 13:24:17,t,h
24/04/18 13:24:19,t,h
24/04/18 13:24:22,t,t
24/04/18 13:24:25,t,t
24/04/18 13:24:27,t,h
24/04/18 13:24:29,t,h
24/04/18 13:24:32,t,h
24/04/18 13:24:34,t,t
24/04/18 13:24:37,t,h
24/04/18 13:24:43,t,h
24/04/18 13:24:50,t,h
24/04/18 13:24:53,t,h
24/04/18 13:24:57,t,t
24/04/18 13:24:59,t,t
24/04/18 13:25:02,t,h
24/04/18 13:25:04,t,t
24/04/18 13:25:07,t,t
24/04/18 13:25:09,t,t
24/04/18 13:25:11,t,h
24/04/18 13:25:15,t,h
24/04/18 13:25:18,t,h
24/04/18 13:25:20,t,h
24/04/18 13:25:22,t,h
24/04/18 13:25:25,t,t
24/04/18 13:25:28,t,h
24/04/18 13:25:30,t,h
24/04/18 13:25:33,t,t
24/04/18 13:25:36,t,h
24/04/18 13:25:38,t,t
24/04/18 13:25:40,t,t
24/04/18 13:25:42,t,t
24/04/18 13:25:45,t,t
24/04/18 13:25:48,t,h
24/04/18 13:25:51,t,h
24/04/18 13:25:55,t,h
24/04/18 13:25:57,t,h
24/04/18 13:25:59,t,h
24/04/18 13:26:02,t,t
24/04/18 13:26:04,t,t
24/04/18 13:26:07,t,h
24/04/18 13:26:10,t,t
24/04/18 13:26:12,t,h
24/04/18 13:26:15,t,t
24/04/18 13:26:17,t,t
24/04/18 13:26:21,t,h
24/04/18 13:26:24,t,h
24/04/18 13:26:27,t,h
24/04/18 13:26:30,t,h
24/04/18 13:26:34,t,h
24/04/18 13:26:37,t,t
24/04/18 13:26:39,t,t
24/04/18 13:26:42,t,h
24/04/18 13:26:44,t,t
24/04/18 13:34:55,t,h
24/04/18 13:35:00,t,h
24/04/18 13:35:03,t,t
24/04/18 13:35:05,t,t
24/04/18 13:35:08,t,h
24/04/18 13:35:10,t,h
24/04/18 13:35:16,t,h
24/04/18 13:35:19,t,t
24/04/18 13:35:22,t,h
24/04/18 13:35:24,t,h
24/04/18 13:35:27,t,t
24/04/18 13:35:29,t,t
24/04/18 13:35:31,t,t
24/04/18 13:35:34,t,t
24/04/18 13:35:37,t,t
24/04/18 13:35:40,t,h
24/04/18 13:35:43,t,t
24/04/18 13:35:45,t,t
24/04/18 13:35:48,t,h
24/04/18 13:35:52,t,h
24/04/18 13:35:54,t,h
24/04/18 13:35:56,t,t
24/04/18 13:35:59,t,h
24/04/18 13:36:01,t,t
24/04/18 13:36:05,t,t
24/04/18 13:36:08,t,h
24/04/18 13:36:10,t,t
24/04/18 13:36:13,t,t
24/04/18 13:36:16,t,h
24/04/18 13:36:18,t,t
24/04/18 13:36:20,t,h
24/04/18 13:36:22,t,t
24/04/18 13:36:25,t,t
24/04/18 13:36:27,t,h
24/04/18 13:36:30,t,h
24/04/18 13:36:33,t,h
24/04/18 13:36:37,t,h
24/04/18 13:36:48,t,t
24/04/18 13:36:50,t,t
24/04/18 13:36:55,t,h
24/04/18 13:36:59,t,t
24/04/18 13:37:03,t,t
24/04/18 13:37:05,t,h
24/04/18 13:37:08,t,h
24/04/18 13:37:11,t,h
24/04/18 13:37:13,t,t
24/04/18 13:37:16,t,t
24/04/18 13:37:18,t,h
24/04/18 13:37:21,t,h
24/04/18 13:37:23,t,h
24/04/18 13:37:26,t,h
24/04/18 13:37:28,t,t
24/04/18 13:37:31,t,t
24/04/18 13:37:33,t,t
24/04/18 13:37:35,t,h
24/04/18 13:37:38,t,h
24/04/18 13:37:40,t,t
24/04/18 13:37:42,t,h
24/04/18 13:37:46,t,h
24/04/18 13:37:48,t,t
24/04/18 13:37:52,t,h
24/04/18 13:37:54,t,h
24/04/18 13:37:55,t,t
24/04/18 13:37:58,t,h
24/04/18 13:38:00,t,t
24/04/18 13:38:03,t,t
24/04/18 13:38:05,t,t
24/04/18 13:38:07,t,t
24/04/18 13:38:10,t,h
24/04/18 13:38:12,t,t
24/04/18 13:38:14,t,t
24/04/18 13:38:16,t,t
24/04/18 13:38:19,t,t
24/04/18 13:38:21,t,t
24/04/18 13:38:24,t,h
24/04/18 13:38:26,t,t
24/04/18 13:38:28,t,t
24/04/18 13:38:31,t,t
24/04/18 13:38:33,t,h
24/04/18 13:38:36,t,t
24/04/18 13:38:38,t,h
24/04/18 13:38:41,t,h
24/04/18 13:38:43,t,h
24/04/18 13:38:45,t,h
24/04/18 13:38:48,t,t
24/04/18 13:38:50,t,h
24/04/18 13:38:53,t,t
24/04/18 13:38:56,t,t
24/04/18 13:38:58,t,t
24/04/18 13:39:01,t,h
24/04/18 13:39:05,t,h
24/04/18 13:39:08,t,h
24/04/18 13:39:12,t,h
24/04/18 13:39:16,t,t
24/04/18 13:39:18,t,t
24/04/18 13:39:21,t,h
24/04/18 13:39:23,t,t
24/04/18 13:39:26,t,h
24/04/18 13:39:28,t,t
24/04/18 13:39:49,t,e
24/04/18 13:40:37,t,t
24/04/18 13:40:58,t,t
24/04/18 13:41:03,t,t
24/04/18 13:41:05,t,h
24/04/18 13:41:08,t,h
24/04/18 13:41:11,t,t
24/04/18 13:41:13,t,h
24/04/18 13:41:15,t,t
24/04/18 13:41:18,t,h
24/04/18 13:41:21,t,t
24/04/18 13:41:24,t,t
24/04/18 13:41:27,t,h
24/04/18 13:41:30,t,t
24/04/18 13:41:32,t,t
24/04/18 13:41:34,t,t
24/04/18 13:41:37,t,t
24/04/18 13:41:39,t,t
24/04/18 13:41:42,t,t
24/04/18 13:41:44,t,t
24/04/18 13:41:46,t,t
24/04/18 13:41:49,t,t
24/04/18 13:41:51,t,t
24/04/18 13:41:54,t,h
24/04/18 13:41:57,t,t
24/04/18 13:42:01,t,h
24/04/18 13:42:03,t,t
24/04/18 13:42:06,t,t
24/04/18 13:42:08,t,h
24/04/18 13:42:11,t,t
24/04/18 13:42:14,t,t
24/04/18 13:42:16,t,t
24/04/18 13:42:19,t,t
24/04/18 13:42:22,t,h
24/04/18 13:42:25,t,h
24/04/18 13:42:28,t,h
24/04/18 13:42:30,t,h
24/04/18 13:42:32,t,t
24/04/18 13:42:35,t,t
24/04/18 13:42:38,t,h
24/04/18 13:42:41,t,h
24/04/18 13:42:44,t,t
24/04/18 13:42:47,t,t
24/04/18 13:42:49,t,t
24/04/18 13:42:51,t,h
24/04/18 13:42:54,t,t
24/04/18 13:42:56,t,t
24/04/18 13:42:59,t,t
24/04/18 13:43:03,t,h
24/04/18 13:43:06,t,h
24/04/18 13:43:09,t,h
24/04/18 13:43:13,t,h
24/04/18 13:43:16,t,t
24/04/18 13:43:19,t,h
24/04/18 13:43:21,t,h
24/04/18 13:43:24,t,h
24/04/18 13:43:26,t,h
24/04/18 13:43:29,t,h
24/04/18 13:43:32,t,h
24/04/18 13:43:34,t,t
24/04/18 13:43:37,t,h
24/04/18 13:43:39,t,h
24/04/18 13:43:42,t,h
24/04/18 13:43:44,t,h
24/04/18 13:43:46,t,t
24/04/18 13:43:50,t,t
24/04/18 13:43:55,t,h
24/04/18 13:43:58,t,t
24/04/18 13:44:03,t,h
24/04/18 13:44:07,t,t
24/04/18 13:44:17,t,t
24/04/18 13:44:22,t,t
24/04/18 13:44:25,t,h
24/04/18 13:44:27,t,t
24/04/18 13:44:29,t,t
24/04/18 13:44:32,t,h
24/04/18 13:44:36,t,h
24/04/18 13:44:39,t,h
24/04/18 13:44:41,t,t
24/04/18 13:44:44,t,h
24/04/18 13:44:47,t,t
24/04/18 13:44:50,t,t
24/04/18 13:44:54,t,t
24/04/18 13:44:55,t,h
24/04/18 13:44:58,t,t
24/04/18 13:45:00,t,t
24/04/18 13:45:03,t,t
24/04/18 13:45:06,t,t
24/04/18 13:45:09,t,t
24/04/18 13:45:12,t,h
24/04/18 13:45:15,t,h
24/04/18 13:45:19,t,h
24/04/18 13:45:22,t,h
24/04/18 13:45:24,t,h
24/04/18 13:45:27,t,h
24/04/18 13:45:30,t,t
24/04/18 13:45:33,t,h
24/04/18 13:45:36,t,t
24/04/18 13:45:39,t,t
24/04/18 13:45:41,t,h
24/04/18 13:45:45,t,h
24/04/18 13:45:49,t,h
24/04/18 13:45:52,t,h
24/04/18 13:45:55,t,t
24/04/18 13:45:57,t,h
24/04/18 13:46:00,t,t
24/04/18 13:46:02,t,t
24/04/18 13:46:06,t,h
24/04/18 13:46:08,t,h
24/04/18 13:46:11,t,t
24/04/18 13:46:13,t,t
24/04/18 13:46:18,t,h
24/04/18 13:46:21,t,h
24/04/18 13:46:24,t,t
24/04/18 13:46:27,t,t
24/04/18 13:46:29,t,h
24/04/18 13:46:32,t,h
24/04/18 13:46:35,t,h
24/04/18 13:46:38,t,h
24/04/18 13:46:40,t,t
24/04/18 13:46:45,t,t
24/04/18 13:46:47,t,t
24/04/18 13:46:52,t,t
24/04/18 13:46:55,t,t
24/04/18 13:46:57,t,t
24/04/18 13:47:00,t,h
24/04/18 13:47:02,t,h
24/04/18 13:47:09,t,h
24/04/18 13:47:12,t,h
24/04/18 13:47:16,t,t
24/04/18 13:47:19,t,h
24/04/18 13:47:22,t,h
24/04/18 13:47:24,t,t
24/04/18 13:47:27,t,h
24/04/18 13:47:29,t,h
24/04/18 13:47:35,t,t
24/04/18 13:47:37,t,h
24/04/18 13:47:40,t,t
24/04/18 13:48:14,t,h
24/04/18 13:48:43,t,t
24/04/18 13:48:46,t,h
24/04/18 13:48:49,t,h
24/04/18 13:48:53,t,h
24/04/18 13:48:55,t,h
24/04/18 13:49:00,t,t
24/04/18 13:49:04,t,t
24/04/18 13:49:07,t,h
24/04/18 13:49:11,t,t
24/04/18 13:49:15,t,h
24/04/18 13:49:18,t,t
24/04/18 13:49:21,t,h
24/04/18 13:49:25,t,t
24/04/18 13:49:27,t,h
24/04/18 13:49:32,t,t
24/04/18 13:49:34,t,t
24/04/18 13:49:37,t,t
24/04/18 13:49:41,t,h
24/04/18 13:49:44,t,h
24/04/18 13:49:47,t,h
24/04/18 13:49:50,t,h
24/04/18 13:49:53,t,h
24/04/18 13:49:58,t,h
24/04/18 13:50:02,t,h
24/04/18 13:50:06,t,h
24/04/18 13:50:08,t,h
24/04/18 13:50:13,t,h
24/04/18 13:50:15,t,h
24/04/18 13:50:19,t,t
24/04/18 13:50:22,t,t
24/04/18 13:50:24,t,t
24/04/18 13:50:28,t,h
24/04/18 13:50:34,t,h
24/04/18 13:50:39,t,h
24/04/18 13:50:43,t,h
24/04/18 13:51:05,t,t
24/04/18 13:51:08,t,t
24/04/18 13:51:11,t,t
24/04/18 13:51:13,t,t
24/04/18 13:51:15,t,t
24/04/18 13:51:21,t,h
24/04/18 13:51:24,t,h
24/04/18 13:51:26,t,t
24/04/18 13:51:29,t,t
24/04/18 13:51:32,t,h
24/04/18 13:51:35,t,t
24/04/18 13:51:38,t,t
24/04/18 13:51:44,t,t
24/04/18 13:51:46,t,t
24/04/18 13:51:49,t,t
24/04/18 13:51:51,t,h
24/04/18 13:51:55,t,h
24/04/18 13:51:58,t,t
24/04/18 13:52:02,t,t
24/04/18 13:52:04,t,t
24/04/18 13:52:06,t,t
24/04/18 13:52:09,t,t
24/04/18 13:52:12,t,t
24/04/18 13:52:15,t,t
24/04/18 13:52:18,t,t
24/04/18 13:52:21,t,h
24/04/18 13:52:25,t,h
24/04/18 13:52:31,t,h
24/04/18 13:52:38,t,t
24/04/18 13:52:44,t,h
24/04/18 13:52:48,t,t
24/04/18 13:52:50,t,h
24/04/18 13:52:53,t,t
24/04/18 13:52:55,t,h
24/04/18 13:52:59,t,t
24/04/18 13:53:02,t,h
24/04/18 13:53:06,t,h
24/04/18 13:53:08,t,h
24/04/18 13:53:12,t,h
24/04/18 13:53:14,t,h
24/04/18 13:53:19,t,h
24/04/18 13:53:24,t,t
24/04/18 13:53:26,t,h
24/04/18 13:53:30,t,t
24/04/18 13:53:35,t,t
24/04/18 13:53:46,t,h
24/04/18 13:53:52,t,h
24/04/18 13:53:56,t,t
24/04/18 13:54:04,t,h
24/04/18 13:54:13,t,h
24/04/18 13:54:22,t,t
24/04/18 13:54:24,t,t
24/04/18 13:54:28,t,t
24/04/18 13:54:31,t,t
24/04/18 13:54:33,t,t
24/04/18 13:54:35,t,t
24/04/18 13:54:38,t,h
24/04/18 13:54:41,t,h
24/04/18 13:54:44,t,h
24/04/18 13:54:47,t,h
24/04/18 13:54:50,t,t
24/04/18 14:51:40,h,t
24/04/18 14:51:43,h,t
24/04/18 14:51:46,h,t
24/04/18 14:51:48,h,h
24/04/18 14:51:51,h,t
24/04/18 14:51:54,h,h
24/04/18 14:51:56,h,t
24/04/18 14:52:00,h,h
24/04/18 14:52:04,h,t
24/04/18 14:52:09,h,h
24/04/18 14:52:15,h,t
24/04/18 14:52:17,h,h
24/04/18 14:52:20,h,h
24/04/18 14:52:25,h,h
24/04/18 14:52:32,h,h
24/04/18 14:52:35,h,h
24/04/18 14:52:37,h,t
24/04/18 14:52:42,h,h
24/04/18 14:52:48,h,t
24/04/18 14:52:50,h,t
24/04/18 14:52:53,h,h
24/04/18 14:52:57,h,t
24/04/18 14:53:00,h,t
24/04/18 14:53:03,h,t
24/04/18 14:53:05,h,t
24/04/18 14:53:11,h,t
24/04/18 14:53:14,h,t
24/04/18 14:53:20,h,t
24/04/18 14:53:22,h,t
24/04/18 14:53:26,h,h
24/04/18 14:53:28,h,t
24/04/18 14:53:31,h,h
24/04/18 14:53:33,h,t
24/04/18 14:53:36,h,h
24/04/18 14:53:39,h,h
24/04/18 14:53:42,h,t
24/04/18 14:53:45,h,t
24/04/18 14:53:47,h,h
24/04/18 14:53:51,h,t
24/04/18 14:53:55,h,h
24/04/18 14:54:10,h,h
24/04/18 14:54:15,h,h
24/04/18 14:54:18,h,h
24/04/18 14:54:21,h,h
24/04/18 14:54:26,h,h
24/04/18 14:54:29,h,h
24/04/18 14:54:32,h,t
24/04/18 14:54:37,h,t
24/04/18 14:54:40,h,h
24/04/18 14:54:42,h,t
24/04/18 14:54:45,h,h
24/04/18 14:54:47,h,t
24/04/18 14:54:50,h,h
24/04/18 14:54:53,h,h
24/04/18 14:54:55,h,h
24/04/18 14:55:02,h,h
24/04/18 14:55:04,h,t
24/04/18 14:55:07,h,h
24/04/18 14:55:10,h,t
24/04/18 14:55:14,h,h
24/04/18 14:55:17,h,h
24/04/18 14:55:19,h,h
24/04/18 14:55:22,h,h
24/04/18 14:55:24,h,h
24/04/18 14:55:27,h,t
24/04/18 14:55:29,h,h
24/04/18 14:55:33,h,t
24/04/18 14:55:36,h,t
24/04/18 14:55:39,h,h
24/04/18 14:55:45,h,h
24/04/18 14:55:48,h,h
24/04/18 14:55:49,h,h
24/04/18 14:55:52,h,t
24/04/18 14:55:56,h,t
24/04/18 14:55:58,h,t
24/04/18 14:56:01,h,h
24/04/18 14:56:03,h,h
24/04/18 14:56:07,h,t
24/04/18 14:56:10,h,t
24/04/18 14:56:13,h,h
24/04/18 14:56:15,h,t
24/04/18 14:56:18,h,t
24/04/18 14:56:21,h,t
24/04/18 14:56:24,h,t
24/04/18 14:56:27,h,h
24/04/18 14:56:29,h,t
24/04/18 14:56:32,h,t
24/04/18 14:56:34,h,t
24/04/18 14:56:37,h,h
24/04/18 14:56:40,h,h
24/04/18 14:56:43,h,h
24/04/18 14:56:50,h,h
24/04/18 14:56:53,h,h
24/04/18 14:56:56,h,t
24/04/18 14:56:59,h,h
24/04/18 14:57:01,h,t
24/04/18 14:57:04,h,t
24/04/18 14:57:06,h,h
24/04/18 14:57:09,h,h
24/04/18 14:57:15,h,t
24/04/18 14:57:17,h,t
24/04/18 14:57:20,h,t
24/04/18 14:57:22,h,h
24/04/18 14:57:25,h,t
24/04/18 14:57:28,h,h
24/04/18 14:57:30,h,t
24/04/18 14:57:36,h,t
24/04/18 14:57:40,h,t
24/04/18 14:57:43,h,t
24/04/18 14:57:46,h,t
24/04/18 14:57:49,h,h
24/04/18 14:57:53,h,t
24/04/18 14:57:56,h,t
24/04/18 14:57:58,h,h
24/04/18 14:58:01,h,t
24/04/18 14:58:04,h,t
24/04/18 14:58:06,h,t
24/04/18 14:58:09,h,h
24/04/18 14:58:12,h,h
24/04/18 14:58:14,h,h
24/04/18 14:58:17,h,t
24/04/18 14:58:20,h,t
24/04/18 14:58:23,h,h
24/04/18 14:58:28,h,h
24/04/18 14:58:31,h,t
24/04/18 14:58:34,h,h
24/04/18 14:58:37,h,t
24/04/18 14:58:39,h,t
24/04/18 14:58:42,h,t
24/04/18 14:58:45,h,h
24/04/18 14:58:47,h,h
24/04/18 14:58:50,h,h
24/04/18 14:59:00,h,t
24/04/18 14:59:03,h,h
24/04/18 14:59:06,h,h
24/04/18 14:59:08,h,t
24/04/18 14:59:11,h,t
24/04/18 14:59:13,h,t
24/04/18 14:59:18,h,h
24/04/18 14:59:21,h,t
24/04/18 14:59:23,h,t
24/04/18 14:59:26,h,t
24/04/18 14:59:29,h,h
24/04/18 14:59:33,h,t
24/04/18 14:59:36,h,t
24/04/18 14:59:39,h,h
24/04/18 14:59:42,h,t
24/04/18 14:59:44,h,t
24/04/18 14:59:48,h,h
24/04/18 14:59:51,h,t
24/04/18 14:59:55,h,t
24/04/18 14:59:59,h,h
24/04/18 15:00:01,h,h
24/04/18 15:00:03,h,h
24/04/18 15:00:07,h,t
24/04/18 15:00:10,h,h
24/04/18 15:00:15,h,t
24/04/18 15:00:18,h,t
24/04/18 15:00:21,h,h
24/04/18 15:00:23,h,h
24/04/18 15:00:25,h,h
24/04/18 15:00:31,h,t
24/04/18 15:00:34,h,t
24/04/18 15:00:37,h,t
24/04/18 15:00:40,h,h
24/04/18 15:00:43,h,h
24/04/18 15:00:49,h,h
24/04/18 15:00:51,h,h
24/04/18 15:00:53,h,t
24/04/18 15:00:56,h,t
24/04/18 15:00:58,h,t
24/04/18 15:01:03,h,t
24/04/18 15:01:06,h,h
24/04/18 15:01:08,h,t
24/04/18 15:01:11,h,t
24/04/18 15:01:14,h,t
24/04/18 15:01:17,h,h
24/04/18 15:01:19,h,h
24/04/18 15:01:21,h,t
24/04/18 15:01:24,h,t
24/04/18 15:01:29,h,t
24/04/18 15:01:33,h,h
24/04/18 15:01:36,h,t
24/04/18 15:01:39,h,h
24/04/18 15:01:42,h,t
24/04/18 15:01:45,h,h
24/04/18 15:01:48,h,t
24/04/18 15:01:52,h,t
24/04/18 15:01:54,h,h
24/04/18 15:01:57,h,h
24/04/18 15:02:00,h,t
24/04/18 15:02:03,h,t
24/04/18 15:02:06,h,t
24/04/18 15:02:08,h,t
24/04/18 15:02:11,h,h
24/04/18 15:02:14,h,h
24/04/18 15:02:17,h,t
24/04/18 15:02:20,h,t
24/04/18 15:02:22,h,h
24/04/18 15:02:25,h,t
24/04/18 15:02:32,h,h
24/04/18 15:02:35,h,t
24/04/18 15:02:37,h,h
24/04/18 15:02:41,h,h
24/04/18 15:02:43,h,h
24/04/18 15:02:45,h,h
24/04/18 15:02:48,h,h
24/04/18 15:02:51,h,h
24/04/18 15:02:53,h,h
24/04/18 15:02:56,h,t
24/04/18 15:02:59,h,t
24/04/18 15:03:01,h,t
24/04/18 15:03:03,h,t
24/04/18 15:03:07,h,t
24/04/18 15:03:10,h,t
24/04/18 15:03:13,h,h
24/04/18 15:03:21,h,h
24/04/18 15:03:27,h,h
24/04/18 15:03:33,h,t
24/04/18 15:03:37,h,h
24/04/18 15:03:39,h,t
24/04/18 15:03:43,h,t
24/04/18 15:03:46,h,t
24/04/18 15:03:49,h,h
24/04/18 15:03:52,h,t
24/04/18 15:03:56,h,t
24/04/18 15:03:58,h,h
24/04/18 15:04:01,h,t
24/04/18 15:04:04,h,h
24/04/18 15:04:07,h,t
24/04/18 15:04:13,h,h
24/04/18 15:04:15,h,h
24/04/18 15:04:18,h,t
24/04/18 15:04:21,h,t
24/04/18 15:04:24,h,t
24/04/18 15:04:26,h,t
24/04/18 15:04:28,h,t
24/04/18 15:04:31,h,t
24/04/18 15:04:33,h,t
24/04/18 15:04:37,h,h
24/04/18 15:04:42,h,t
24/04/18 15:04:44,h,h
24/04/18 15:04:48,h,h
24/04/18 15:08:35,h,h
24/04/18 15:09:18,h,t
24/04/18 15:09:21,h,h
24/04/18 15:09:24,h,h
24/04/18 15:09:26,h,h
24/04/18 15:09:29,h,h
24/04/18 15:09:33,h,h
24/04/18 15:09:40,h,t
24/04/18 15:09:45,h,h
24/04/18 15:09:47,h,t
24/04/18 15:09:51,h,t
24/04/18 15:09:54,h,t
24/04/18 15:09:56,h,t
24/04/18 15:09:59,h,t
24/04/18 15:10:03,h,h
24/04/18 15:10:05,h,h
24/04/18 15:10:09,h,h
24/04/18 15:10:12,h,h
24/04/18 15:10:14,h,t
24/04/18 15:10:17,h,h
24/04/18 15:10:19,h,h
24/04/18 15:10:22,h,t
24/04/18 15:10:24,h,h
24/04/18 15:10:29,h,t
24/04/18 15:10:31,h,h
24/04/18 15:10:33,h,t
24/04/18 15:10:35,h,h
24/04/18 15:10:40,h,t
24/04/18 15:10:43,h,h
24/04/18 15:10:45,h,t
24/04/18 15:10:51,h,h
24/04/18 15:10:55,h,t
24/04/18 15:10:57,h,t
24/04/18 15:14:03,h,h
24/04/18 15:14:06,h,t
24/04/18 15:14:09,h,t
24/04/18 15:14:11,h,t
24/04/18 15:14:17,h,t
24/04/18 15:14:19,h,t
24/04/18 15:14:23,h,h
24/04/18 15:14:25,h,t
24/04/18 15:14:28,h,t
24/04/18 15:14:30,h,h
24/04/18 15:14:33,h,h
24/04/18 15:14:34,h,t
24/04/18 15:14:37,h,h
24/04/18 15:14:40,h,h
24/04/18 15:14:48,h,t
24/04/18 15:14:54,h,h
24/04/18 15:14:58,h,t
24/04/18 15:15:01,h,t
24/04/18 15:15:04,h,h
24/04/18 15:15:07,h,h
24/04/18 15:15:09,h,h
24/04/18 15:15:12,h,h
24/04/18 15:15:14,h,t
24/04/18 15:15:17,h,t
24/04/18 15:15:24,h,h
24/04/18 15:15:26,h,t
24/04/18 15:15:29,h,t
24/04/18 15:15:31,h,t
24/04/18 15:15:34,h,h
24/04/18 15:15:37,h,h
24/04/18 15:15:39,h,t
24/04/18 15:15:41,h,t
24/04/18 15:15:44,h,t
24/04/18 15:15:47,h,h
24/04/18 15:15:49,h,h
24/04/18 15:15:52,h,t
24/04/18 15:15:55,h,h
24/04/18 15:15:58,h,t
24/04/18 15:16:01,h,t
24/04/18 15:16:04,h,h
24/04/18 15:16:07,h,h
24/04/18 15:16:09,h,t
24/04/18 15:16:12,h,t
24/04/18 15:16:14,h,h
24/04/18 15:16:16,h,h
24/04/18 15:16:19,h,t
24/04/18 15:16:22,h,h
24/04/18 15:16:27,h,t
24/04/18 15:16:33,h,h
24/04/18 15:16:40,h,h
24/04/18 15:16:42,h,t
24/04/18 15:16:47,h,h
24/04/18 15:16:49,h,h
24/04/18 15:16:51,h,t
24/04/18 15:16:54,h,h
24/04/18 15:16:57,h,h
24/04/18 15:17:00,h,h
24/04/18 15:17:02,h,h
24/04/18 15:17:04,h,t
24/04/18 15:17:06,h,h
24/04/18 15:17:09,h,h
24/04/18 15:17:12,h,h
24/04/18 15:17:17,h,h
24/04/18 15:17:20,h,h
24/04/18 15:17:22,h,t
24/04/18 15:17:25,h,h
24/04/18 15:17:27,h,h
24/04/18 15:17:30,h,h
24/04/18 15:17:33,h,t
24/04/18 15:17:41,h,h
24/04/18 15:17:44,h,t
24/04/18 15:17:54,h,h
24/04/18 15:17:58,h,t
24/04/18 15:18:02,h,h
24/04/18 15:18:04,h,t
24/04/18 15:18:10,h,t
24/04/18 15:18:13,h,t
24/04/18 15:18:16,h,h
24/04/18 15:18:18,h,t
24/04/18 15:18:22,h,h
24/04/18 15:18:24,h,h
24/04/18 15:18:27,h,h
24/04/18 15:18:29,h,h
24/04/18 15:18:31,h,t
24/04/18 15:18:34,h,h
24/04/18 15:18:37,h,t
24/04/18 15:18:39,h,t
24/04/18 15:18:41,h,h
24/04/18 15:18:44,h,t
24/04/18 15:18:46,h,h
24/04/18 15:18:49,h,t
24/04/18 15:18:52,h,h
24/04/18 15:18:54,h,h
24/04/18 15:18:56,h,h
24/04/18 15:19:00,h,t
24/04/18 15:19:02,h,h
24/04/18 15:19:07,h,t
24/04/18 15:19:10,h,t
24/04/18 15:19:13,h,t
24/04/18 15:19:15,h,t
24/04/18 15:19:18,h,h
24/04/18 15:19:20,h,h
24/04/18 15:19:25,h,t
24/04/18 15:19:29,h,t
24/04/18 15:19:32,h,t
24/04/18 15:19:34,h,t
24/04/18 15:19:38,h,t
24/04/18 15:19:40,h,h
24/04/18 15:19:43,h,t
24/04/18 15:19:45,h,t
24/04/18 15:19:47,h,h
24/04/18 15:19:50,h,h
24/04/18 15:19:52,h,t
24/04/18 15:19:55,h,t
24/04/18 15:19:57,h,t
24/04/18 15:20:00,h,t
24/04/18 15:20:02,h,t
24/04/18 15:20:05,h,h
24/04/18 15:20:10,h,t
24/04/18 15:20:12,h,h
24/04/18 15:20:14,h,h
24/04/18 15:20:17,h,t
24/04/18 15:20:19,h,t
24/04/18 15:20:21,h,t
24/04/18 15:20:24,h,t
24/04/18 15:20:27,h,t
24/04/18 15:20:30,h,t
24/04/18 15:20:37,h,h
24/04/18 15:20:39,h,t
24/04/18 15:20:41,h,t
24/04/18 15:20:44,h,h
24/04/18 15:20:47,h,h
24/04/18 15:20:49,h,t
24/04/18 15:20:51,h,t
24/04/18 15:22:03,h,e
24/04/18 15:22:20,h,t
24/04/18 15:22:25,h,h
24/04/18 15:23:03,h,t
24/04/18 15:51:38,h,h
24/04/18 15:51:44,h,t
24/04/18 15:51:48,h,h
24/04/18 15:51:52,h,h
24/04/18 15:51:54,h,t
24/04/18 15:51:56,h,h
24/04/18 15:51:58,h,h
24/04/18 15:52:00,h,t
24/04/18 15:52:04,h,h
24/04/18 15:52:07,h,t
24/04/18 15:52:09,h,t
24/04/18 15:52:11,h,h
24/04/18 15:52:14,h,t
24/04/18 15:52:16,h,t
24/04/18 15:52:19,h,h
24/04/18 15:52:21,h,t
24/04/18 15:52:24,h,t
24/04/18 15:52:32,h,h
24/04/18 15:52:37,h,h
24/04/18 15:52:40,h,h
24/04/18 15:52:42,h,h
24/04/18 15:52:45,h,h
24/04/18 15:52:48,h,t
24/04/18 15:52:57,h,h
24/04/18 15:52:58,h,h
24/04/18 15:53:03,h,t
24/04/18 15:53:05,h,h
24/04/18 15:53:13,h,h
24/04/18 15:53:16,h,t
24/04/18 15:53:20,h,h
24/04/18 15:53:22,h,t
24/04/18 15:53:27,h,t
24/04/18 15:53:31,h,h
24/04/18 15:53:33,h,h
24/04/18 15:53:36,h,t
24/04/18 15:53:39,h,t
24/04/18 15:53:42,h,t
24/04/18 15:53:46,h,t
24/04/18 15:53:50,h,t
24/04/18 15:53:53,h,h
24/04/18 15:54:00,h,t
24/04/18 15:54:06,h,t
24/04/18 15:54:09,h,h
24/04/18 15:54:11,h,h
24/04/18 15:54:13,h,t
24/04/18 15:54:16,h,h
24/04/18 15:54:19,h,h
24/04/18 15:54:22,h,t
24/04/18 15:54:25,h,t
24/04/18 15:54:27,h,h
24/04/18 15:54:31,h,t
24/04/18 15:54:34,h,h
24/04/18 15:54:37,h,t
24/04/18 15:54:39,h,t
24/04/18 15:54:44,h,h
24/04/18 15:54:47,h,h
24/04/18 15:54:54,h,h
24/04/18 15:54:56,h,h
24/04/18 15:54:59,h,t
24/04/18 15:55:05,h,t
24/04/18 15:55:07,h,h
24/04/18 15:55:10,h,t
24/04/18 15:55:13,h,t
24/04/18 15:55:16,h,t
24/04/18 15:55:19,h,h
24/04/18 15:55:21,h,t
24/04/18 15:55:24,h,h
24/04/18 15:55:26,h,t
24/04/18 15:55:32,h,t
24/04/18 15:55:35,h,h
24/04/18 15:55:39,h,t
24/04/18 15:55:42,h,t
24/04/18 15:55:45,h,t
24/04/18 15:55:48,h,h
24/04/18 15:55:50,h,h
24/04/18 15:55:53,h,h
24/04/18 15:55:55,h,h
24/04/18 15:55:58,h,h
24/04/18 15:56:00,h,h
24/04/18 15:56:03,h,h
24/04/18 15:56:05,h,t
24/04/18 15:56:10,h,h
24/04/18 15:56:13,h,t
24/04/18 15:56:18,h,t
24/04/18 15:56:21,h,t
24/04/18 15:56:25,h,h
24/04/18 15:56:27,h,h
24/04/18 15:56:30,h,t
24/04/18 15:56:35,h,h
24/04/18 15:56:40,h,t
24/04/18 15:56:52,h,h
24/04/18 15:56:54,h,t
24/04/18 15:56:59,h,t
24/04/18 15:57:05,h,t
24/04/18 15:57:08,h,t
24/04/18 15:57:16,h,h
24/04/18 15:57:20,h,t
24/04/18 15:57:24,h,t
24/04/18 15:57:26,h,t
24/04/18 15:57:29,h,h
24/04/18 15:57:33,h,t
24/04/18 15:57:36,h,h
24/04/18 15:57:38,h,t
24/04/18 15:57:41,h,t
24/04/18 15:57:44,h,h
24/04/18 15:57:47,h,h
24/04/18 15:57:49,h,h
24/04/18 15:57:55,h,t
24/04/18 15:57:58,h,t
24/04/18 15:58:01,h,h
24/04/18 15:58:04,h,h
24/04/18 15:58:07,h,h
24/04/18 15:58:10,h,t
24/04/18 15:58:12,h,t
24/04/18 15:58:16,h,t
24/04/18 15:58:18,h,h
24/04/18 15:58:20,h,t
24/04/18 15:58:25,h,h
24/04/18 15:58:29,h,t
24/04/18 15:58:31,h,h
24/04/18 15:58:34,h,h
24/04/18 15:58:37,h,h
24/04/18 15:58:40,h,h
24/04/18 15:58:44,h,t
24/04/18 15:58:49,h,t
24/04/18 15:58:58,h,h
24/04/18 15:59:01,h,h
24/04/18 15:59:05,h,t
24/04/18 15:59:08,h,t
24/04/18 15:59:12,h,h
24/04/18 15:59:14,h,h
24/04/18 15:59:17,h,h
24/04/18 15:59:20,h,t
24/04/18 15:59:23,h,t
24/04/18 15:59:31,h,t
24/04/18 15:59:35,h,t
24/04/18 15:59:37,h,h
24/04/18 15:59:40,h,t
24/04/18 15:59:43,h,t
24/04/18 15:59:47,h,t
24/04/18 15:59:49,h,h
24/04/18 15:59:52,h,t
24/04/18 15:59:56,h,h
24/04/18 16:00:00,h,t
24/04/18 16:00:02,h,t
24/04/18 16:00:05,h,h
24/04/18 16:00:08,h,h
24/04/18 16:00:15,h,h
24/04/18 16:00:17,h,t
24/04/18 16:00:20,h,t
24/04/18 16:00:23,h,t
24/04/18 16:00:26,h,t
24/04/18 16:00:30,h,h
24/04/18 16:00:32,h,h
24/04/18 16:00:34,h,t
24/04/18 16:00:37,h,t
24/04/18 16:00:42,h,t
24/04/18 16:00:46,h,t
24/04/18 16:00:48,h,h
24/04/18 16:00:51,h,t
24/04/18 16:00:54,h,t
24/04/18 16:01:03,h,h
24/04/18 16:01:05,h,t
24/04/18 16:01:11,h,h
24/04/18 16:01:14,h,h
24/04/18 16:01:17,h,t
24/04/18 16:01:20,h,h
24/04/18 16:01:26,h,h
24/04/18 16:01:28,h,t
24/04/18 16:01:32,h,h
24/04/18 16:01:35,h,h
24/04/18 16:01:38,h,t
24/04/18 16:01:40,h,h
24/04/18 16:01:43,h,t
24/04/18 16:01:46,h,h
24/04/18 16:01:49,h,h
24/04/18 16:01:51,h,t
24/04/18 16:01:54,h,t
24/04/18 16:01:56,h,h
24/04/18 16:01:59,h,h
24/04/18 16:02:01,h,t
24/04/18 16:02:04,h,h
24/04/18 16:02:07,h,t
24/04/18 16:02:11,h,h
24/04/18 16:02:19,h,h
24/04/18 16:02:22,h,h
24/04/18 16:02:25,h,t
24/04/18 16:02:31,h,h
24/04/18 16:02:33,h,t
24/04/18 16:02:39,h,h
24/04/18 16:02:42,h,h
24/04/18 16:02:45,h,h
24/04/18 16:02:49,h,h
24/04/18 16:02:52,h,t
24/04/18 16:02:56,h,h
24/04/18 16:03:01,h,t
24/04/18 16:03:07,h,t
24/04/18 16:03:09,h,h
24/04/18 16:03:12,h,h
24/04/18 16:03:14,h,t
24/04/18 16:03:18,h,t
24/04/18 16:03:19,h,t
24/04/18 16:03:22,h,h
24/04/18 16:03:25,h,h
24/04/18 16:03:28,h,t
24/04/18 16:03:31,h,h
24/04/18 16:03:35,h,t
24/04/18 16:03:38,h,h
24/04/18 16:03:40,h,h
24/04/18 16:03:42,h,t
24/04/18 16:03:45,h,h
24/04/18 16:03:49,h,h
24/04/18 16:03:52,h,h
24/04/18 16:03:55,h,h
24/04/18 16:03:59,h,h
24/04/18 16:04:02,h,h
24/04/18 16:04:05,h,h
24/04/18 16:04:09,h,h
24/04/18 16:04:11,h,t
24/04/18 16:04:14,h,t
24/04/18 16:04:17,h,t
24/04/18 16:04:23,h,t
24/04/18 16:04:26,h,h
24/04/18 16:04:29,h,t
24/04/18 16:04:35,h,h
24/04/18 16:05:02,h,e
24/04/18 16:06:46,h,t
24/04/18 16:06:53,h,t
24/04/18 16:06:56,h,t
24/04/18 16:07:00,h,t
24/04/18 16:07:02,h,h
24/04/18 16:07:05,h,h
24/04/18 16:07:08,h,t
24/04/18 16:07:14,h,t
24/04/18 16:07:16,h,t
24/04/18 16:07:21,h,h
24/04/18 16:07:28,h,h
24/04/18 16:07:33,h,h
24/04/18 16:07:40,h,t
24/04/18 16:07:43,h,t
24/04/18 16:07:46,h,t
24/04/18 16:07:49,h,h
24/04/18 16:07:52,h,h
24/04/18 16:07:54,h,h
24/04/18 16:07:57,h,h
24/04/18 16:08:00,h,t
24/04/18 16:08:05,h,h
24/04/18 16:08:08,h,h
24/04/18 16:08:10,h,h
24/04/18 16:08:13,h,h
24/04/18 16:08:16,h,h
24/04/18 16:08:20,h,t
24/04/18 16:08:28,h,t
24/04/18 16:08:32,h,h
24/04/18 16:08:34,h,h
24/04/18 16:08:36,h,t
24/04/18 16:08:39,h,t
24/04/18 16:08:43,h,h
24/04/18 16:08:49,h,t
24/04/18 16:08:52,h,h
24/04/18 16:08:55,h,t
24/04/18 16:08:58,h,h
24/04/18 16:09:02,h,h
24/04/18 16:09:05,h,t
24/04/18 16:09:08,h,t
24/04/18 16:09:11,h,t
24/04/18 16:09:14,h,h
24/04/18 16:09:20,h,h
24/04/18 16:09:29,h,h
24/04/18 16:09:36,h,h
24/04/18 16:09:39,h,t
24/04/18 16:09:42,h,t
24/04/18 16:09:45,h,h
24/04/18 16:09:49,h,h
24/04/18 16:09:51,h,t
24/04/18 16:09:54,h,t
24/04/18 16:09:56,h,t
24/04/18 16:10:02,h,t
24/04/18 16:10:05,h,h
24/04/18 16:10:09,h,t
24/04/18 16:10:12,h,t
24/04/18 16:10:14,h,h
24/04/18 16:10:17,h,t
24/04/18 16:10:20,h,h
24/04/18 16:10:22,h,h
24/04/18 16:10:25,h,h
24/04/18 16:10:28,h,t
24/04/18 16:10:33,h,h
24/04/18 16:10:35,h,h
24/04/18 16:10:38,h,h
24/04/18 16:10:40,h,t
24/04/18 16:10:43,h,h
24/04/18 16:10:48,h,h
24/04/18 16:10:52,h,t
24/04/18 16:10:54,h,h
24/04/18 16:10:57,h,h
24/04/18 16:11:00,h,h
24/04/18 16:11:05,h,h
24/04/18 16:11:08,h,t
24/04/18 16:11:12,h,t
24/04/18 16:11:15,h,h
24/04/18 16:11:18,h,t
24/04/18 16:11:21,h,h
24/04/18 16:11:23,h,t
24/04/18 16:11:27,h,t
24/04/18 16:11:30,h,t
24/04/18 16:11:32,h,h
24/04/18 16:11:36,h,t
24/04/18 16:11:39,h,h
24/04/18 16:11:43,h,t
24/04/18 16:11:45,h,h
24/04/18 16:11:48,h,t
24/04/18 16:11:56,h,t
24/04/18 16:11:59,h,t
24/04/18 16:12:01,h,h
24/04/18 16:12:04,h,t
24/04/18 16:12:07,h,t
24/04/18 16:12:11,h,t
24/04/18 16:12:13,h,h
24/04/18 16:12:16,h,t
24/04/18 16:12:22,h,t
24/04/18 16:12:24,h,h
24/04/18 16:12:27,h,h
24/04/18 16:12:30,h,t
24/04/18 16:12:33,h,t
24/04/18 16:12:35,h,h
24/04/18 16:12:38,h,t
24/04/18 16:12:41,h,h
24/04/18 16:12:44,h,t
24/04/18 16:12:46,h,t
24/04/18 16:12:49,h,t
24/04/18 16:12:51,h,h
24/04/18 16:12:56,h,h
24/04/18 16:12:59,h,h
24/04/18 16:13:01,h,h
24/04/18 16:13:04,h,h
24/04/18 16:13:07,h,h
24/04/18 16:13:10,h,h
24/04/18 16:13:12,h,h
24/04/18 16:13:15,h,h
24/04/18 16:13:18,h,h
24/04/18 16:13:22,h,t
24/04/18 16:13:26,h,h
24/04/18 16:13:28,h,h
24/04/18 16:13:31,h,h
24/04/18 16:13:35,h,t
24/04/18 16:13:39,h,h
24/04/18 16:13:41,h,t
24/04/18 16:13:43,h,h
24/04/18 16:13:48,h,t
24/04/18 16:13:53,h,h
24/04/18 16:13:55,h,h
24/04/18 16:13:58,h,h
24/04/18 16:14:00,h,h
24/04/18 16:14:03,h,h
24/04/18 16:14:06,h,t
24/04/18 16:14:09,h,t
24/04/18 16:14:12,h,h
24/04/18 16:14:15,h,h
24/04/18 16:14:23,h,h
24/04/18 16:14:33,h,t
24/04/18 16:14:36,h,h
24/04/18 16:14:39,h,t
24/04/18 16:14:45,h,t
24/04/18 16:14:48,h,t
24/04/18 16:14:51,h,t
24/04/18 16:14:56,h,h
24/04/18 16:14:58,h,t
24/04/18 16:15:01,h,t
24/04/18 16:15:03,h,t
24/04/18 16:15:06,h,t
24/04/18 16:15:08,h,t
24/04/18 16:15:11,h,h
24/04/18 16:15:14,h,h
24/04/18 16:15:16,h,h
24/04/18 16:15:19,h,t
24/04/18 16:15:21,h,t
24/04/18 16:15:24,h,t
24/04/18 16:15:27,h,h
24/04/18 16:15:29,h,h
24/04/18 16:15:32,h,h
24/04/18 16:15:35,h,h
24/04/18 16:15:37,h,t
24/04/18 16:15:40,h,t
24/04/18 16:15:43,h,t
24/04/18 16:15:47,h,t
24/04/18 16:15:53,h,t
24/04/18 16:15:57,h,t
24/04/18 16:16:00,h,t
24/04/18 16:16:03,h,t
24/04/18 16:16:08,h,h
24/04/18 16:16:11,h,h
24/04/18 16:16:14,h,t
24/04/18 16:16:17,h,t
24/04/18 16:16:19,h,h
24/04/18 16:16:23,h,t
24/04/18 16:16:27,h,t
24/04/18 16:16:30,h,t
24/04/18 16:16:35,h,h
24/04/18 16:16:38,h,t
24/04/18 16:16:41,h,h
24/04/18 16:16:44,h,h
24/04/18 16:16:47,h,h
24/04/18 16:16:49,h,t
24/04/18 16:16:52,h,h
24/04/18 16:16:54,h,h
24/04/18 16:16:56,h,t
24/04/18 16:16:59,h,h
24/04/18 16:17:01,h,h
24/04/18 16:17:04,h,h
24/04/18 16:17:09,h,h
24/04/18 16:17:13,h,t
24/04/18 16:17:15,h,h
24/04/18 16:17:17,h,t
24/04/18 16:17:20,h,t
24/04/18 16:17:26,h,h
24/04/18 16:17:29,h,t
24/04/18 16:17:33,h,h
24/04/18 16:17:35,h,h
24/04/18 16:17:37,h,h
24/04/18 16:17:40,h,h
24/04/18 16:17:43,h,h
24/04/18 16:17:45,h,t
24/04/18 16:17:48,h,h
24/04/18 16:17:51,h,h
24/04/18 16:17:55,h,t
24/04/18 16:17:58,h,h
24/04/18 16:18:01,h,t
24/04/18 16:18:03,h,h
24/04/18 16:18:09,h,h
24/04/18 16:18:11,h,h
24/04/18 16:18:14,h,t
24/04/18 16:18:17,h,t
24/04/18 16:18:19,h,t
24/04/18 16:18:23,h,t
24/04/18 16:18:26,h,t
24/04/18 16:18:28,h,t
24/04/18 16:18:31,h,h
24/04/18 16:18:35,h,h
24/04/18 16:18:37,h,t
24/04/18 16:18:40,h,t
24/04/18 16:18:42,h,h
24/04/18 16:18:45,h,t
24/04/18 16:18:47,h,t
24/04/18 16:18:50,h,t
24/04/18 16:18:53,h,t
24/04/18 16:18:56,h,t
24/04/18 16:18:59,h,t
24/04/18 16:19:02,h,h
24/04/18 16:19:05,h,t
24/04/18 16:19:07,h,t
24/04/18 16:19:09,h,t
24/04/18 16:19:11,h,h
24/04/18 16:19:14,h,t
24/04/18 16:19:16,h,h
24/04/18 16:19:19,h,t
24/04/18 16:19:22,h,h
24/04/18 16:19:24,h,t
24/04/18 16:19:27,h,h
24/04/18 16:19:29,h,h
24/04/18 16:19:32,h,h
24/04/18 16:19:35,h,t
24/04/18 16:19:38,h,h
24/04/18 16:19:45,h,h
24/04/18 16:19:47,h,t
24/04/18 16:19:49,h,h
24/04/18 16:19:51,h,h
24/04/18 16:19:55,h,t
24/04/18 16:19:58,h,t
24/04/18 16:20:00,h,t
24/04/18 16:20:03,h,h
24/04/18 16:20:06,h,h
24/04/18 16:20:09,h,t
24/04/18 16:20:12,h,t
24/04/18 16:20:20,h,h
24/04/18 16:20:21,h,t
24/04/18 16:20:24,h,t
24/04/18 16:20:27,h,h
24/04/18 16:20:32,h,h
24/04/18 16:20:33,h,h
24/04/18 16:20:36,h,h
24/04/18 16:20:39,h,h
24/04/18 16:20:41,h,h
24/04/18 16:20:43,h,h
24/04/18 16:20:46,h,t
24/04/18 16:20:50,h,t
24/04/18 16:20:53,h,h
24/04/18 16:20:56,h,h
24/04/18 16:21:00,h,h
24/04/18 16:21:03,h,t
24/04/18 16:21:05,h,t
24/04/18 16:21:08,h,h
24/04/18 16:21:12,h,t
24/04/18 16:21:15,h,t
24/04/18 16:21:18,h,t
24/04/18 16:21:22,h,t
24/04/18 16:21:31,h,h
24/04/18 16:21:33,h,t
24/04/18 16:21:36,h,h
24/04/18 16:21:40,h,t
24/04/18 16:21:43,h,h
24/04/18 16:21:49,h,t
24/04/18 16:21:52,h,t
24/04/18 16:21:54,h,h
24/04/18 16:21:57,h,h
24/04/18 16:22:00,h,h
24/04/18 16:22:06,h,t
24/04/18 16:22:09,h,h
24/04/18 16:22:11,h,t
24/04/18 16:22:15,h,t
24/04/18 16:22:17,h,h
24/04/18 16:22:20,h,t
24/04/18 16:22:22,h,h
24/04/18 16:22:25,h,t
24/04/18 16:22:30,h,t
24/04/18 16:22:33,h,h
24/04/18 16:22:35,h,t
24/04/18 16:22:38,h,t
24/04/18 16:22:40,h,h
24/04/18 16:22:43,h,t
24/04/18 16:22:46,h,t
24/04/18 16:22:49,h,t
24/04/18 16:22:52,h,h
24/04/18 16:22:55,h,t
24/04/18 16:22:58,h,t
24/04/18 16:23:00,h,t
24/04/18 16:23:03,h,t
24/04/18 16:23:05,h,h
24/04/18 16:23:08,h,h
24/04/18 16:23:11,h,h
24/04/18 16:23:12,h,t
24/04/18 16:23:15,h,h
24/04/18 16:23:17,h,h
24/04/18 16:23:20,h,h
24/04/18 16:23:22,h,h
24/04/18 16:23:24,h,t
24/04/18 16:23:27,h,t
24/04/18 16:23:30,h,t
24/04/18 16:23:32,h,t
24/04/18 16:23:35,h,t
24/04/18 16:23:41,h,h
24/04/18 16:23:46,h,t
24/04/18 16:23:48,h,t
24/04/18 16:23:53,h,t
24/04/18 16:23:55,h,h
24/04/18 16:23:58,h,h
24/04/18 16:24:03,h,h
24/04/18 16:24:06,h,h
24/04/18 16:24:08,h,t
24/04/18 16:24:10,h,t
24/04/18 16:24:13,h,h
24/04/18 16:24:16,h,t
24/04/18 16:24:18,h,h
24/04/18 16:24:25,h,t
24/04/18 16:24:28,h,h
24/04/18 16:24:30,h,h
24/04/18 16:24:32,h,h
24/04/18 16:24:37,h,t
24/04/18 16:24:39,h,h
24/04/18 16:24:41,h,h
24/04/18 16:24:44,h,h
24/04/18 16:24:46,h,h
24/04/18 16:24:49,h,t
24/04/18 16:24:52,h,t
24/04/18 16:24:55,h,t
24/04/18 16:24:58,h,t
24/04/18 16:25:00,h,h
24/04/18 16:25:03,h,h
24/04/18 16:25:06,h,h
24/04/18 16:25:09,h,t
24/04/18 16:25:12,h,h
24/04/18 16:25:15,h,h
24/04/18 16:25:17,h,h
24/04/18 16:25:20,h,t
24/04/18 16:25:23,h,h
24/04/18 16:25:29,h,t
24/04/18 16:25:31,h,h
24/04/18 16:25:34,h,h
24/04/18 16:25:36,h,h
24/04/18 16:25:39,h,t
24/04/18 16:25:42,h,h
24/04/18 16:25:44,h,t
24/04/18 16:25:47,h,h
24/04/18 16:25:49,h,t
24/04/18 16:25:52,h,t
24/04/18 16:25:55,h,t
24/04/18 16:38:47,t,t
24/04/18 16:38:53,t,h
24/04/18 16:38:55,t,t
24/04/18 16:39:01,t,h
24/04/18 16:39:04,t,t
24/04/18 16:39:07,t,h
24/04/18 16:39:10,t,t
24/04/18 16:39:14,t,h
24/04/18 16:39:23,t,h
24/04/18 16:39:28,t,h
24/04/18 16:39:31,t,h
24/04/18 16:39:34,t,h
24/04/18 16:39:37,t,t
24/04/18 16:39:40,t,t
24/04/18 16:39:42,t,h
24/04/18 16:39:45,t,t
24/04/18 16:39:47,t,h
24/04/18 16:39:50,t,h
24/04/18 16:39:52,t,t
24/04/18 16:39:55,t,t
24/04/18 16:39:59,t,h
24/04/18 16:40:02,t,h
24/04/18 16:40:07,t,h
24/04/18 16:40:11,t,t
24/04/18 16:40:14,t,t
24/04/18 16:40:17,t,h
24/04/18 16:40:20,t,t
24/04/18 16:40:25,t,h
24/04/18 16:40:28,t,h
24/04/18 16:40:32,t,h
24/04/18 16:40:35,t,h
24/04/18 16:40:38,t,t
24/04/18 16:40:42,t,t
24/04/18 16:40:48,t,t
24/04/18 16:40:50,t,h
24/04/18 16:40:53,t,t
24/04/18 16:40:56,t,h
24/04/18 16:40:59,t,t
24/04/18 16:41:04,t,h
24/04/18 16:41:07,t,t
24/04/18 16:41:09,t,t
24/04/18 16:41:12,t,t
24/04/18 16:41:15,t,h
24/04/18 16:41:20,t,t
24/04/18 16:41:22,t,h
24/04/18 16:41:25,t,h
24/04/18 16:41:31,t,h
24/04/18 16:41:33,t,h
24/04/18 16:41:36,t,t
24/04/18 16:41:38,t,h
24/04/18 16:41:46,t,h
24/04/18 16:41:49,t,t
24/04/18 16:41:52,t,h
24/04/18 16:41:57,t,h
24/04/18 16:42:00,t,h
24/04/18 16:42:02,t,t
24/04/18 16:42:07,t,t
24/04/18 16:42:10,t,t
24/04/18 16:42:12,t,t
24/04/18 16:42:15,t,h
24/04/18 16:42:18,t,t
24/04/18 16:42:21,t,h
24/04/18 16:42:24,t,h
24/04/18 16:42:27,t,t
24/04/18 16:42:33,t,t
24/04/18 16:42:37,t,t
24/04/18 16:42:40,t,t
24/04/18 16:42:44,t,h
24/04/18 16:42:52,t,h
24/04/18 16:42:56,t,t
24/04/18 16:42:59,t,h
24/04/18 16:43:01,t,h
24/04/18 16:43:04,t,t
24/04/18 16:43:07,t,t
24/04/18 16:43:12,t,h
24/04/18 16:43:15,t,t
24/04/18 16:43:17,t,h
24/04/18 16:43:23,t,t
24/04/18 16:43:25,t,h
24/04/18 16:43:29,t,h
24/04/18 16:43:33,t,h
24/04/18 16:43:36,t,t
24/04/18 16:43:38,t,h
24/04/18 16:43:41,t,t
24/04/18 16:43:43,t,h
24/04/18 16:43:46,t,t
24/04/18 16:43:49,t,h
24/04/18 16:43:51,t,t
24/04/18 16:43:55,t,h
24/04/18 16:43:57,t,h
24/04/18 16:44:01,t,h
24/04/18 16:44:04,t,h
24/04/18 16:44:07,t,h
24/04/18 16:44:10,t,h
24/04/18 16:44:13,t,h
24/04/18 16:44:16,t,h
24/04/18 16:44:19,t,t
24/04/18 16:44:21,t,h
24/04/18 16:44:25,t,h
24/04/18 16:44:28,t,t
24/04/18 16:44:31,t,t
24/04/18 16:44:36,t,t
24/04/18 16:44:40,t,t
24/04/18 16:44:42,t,t
24/04/18 16:44:48,t,h
24/04/18 16:44:51,t,h
24/04/18 16:44:54,t,t
24/04/18 16:44:56,t,h
24/04/18 16:44:59,t,t
24/04/18 16:45:02,t,h
24/04/18 16:45:05,t,t
24/04/18 16:45:09,t,h
24/04/18 16:45:16,t,h
24/04/18 16:45:19,t,h
24/04/18 16:45:22,t,h
24/04/18 16:45:27,t,h
24/04/18 16:45:31,t,h
24/04/18 16:45:33,t,h
24/04/18 16:45:36,t,t
24/04/18 16:45:39,t,h
24/04/18 16:45:41,t,t
24/04/18 16:45:44,t,h
24/04/18 16:45:47,t,h
24/04/18 16:45:50,t,t
24/04/18 16:45:53,t,h
24/04/18 16:45:57,t,h
24/04/18 16:46:03,t,t
24/04/18 16:46:05,t,h
24/04/18 16:46:08,t,t
24/04/18 16:46:11,t,t
24/04/18 16:46:13,t,t
24/04/18 16:46:18,t,t
24/04/18 16:46:21,t,t
24/04/18 16:46:24,t,t
24/04/18 16:46:26,t,t
24/04/18 16:46:32,t,h
24/04/18 16:46:35,t,t
24/04/18 16:46:38,t,h
24/04/18 16:46:41,t,h
24/04/18 16:46:44,t,t
24/04/18 16:46:46,t,t
24/04/18 16:46:48,t,t
24/04/18 16:46:51,t,t
24/04/18 16:46:54,t,t
24/04/18 16:46:58,t,h
24/04/18 16:47:00,t,h
24/04/18 16:47:03,t,t
24/04/18 16:47:05,t,t
24/04/18 16:47:08,t,h
24/04/18 16:47:13,t,t
24/04/18 16:47:16,t,h
24/04/18 16:47:19,t,h
24/04/18 16:47:22,t,h
24/04/18 16:47:30,t,h
24/04/18 16:47:33,t,h
24/04/18 16:47:35,t,t
24/04/18 16:47:38,t,t
24/04/18 16:47:41,t,h
24/04/18 16:47:44,t,t
24/04/18 16:47:47,t,h
24/04/18 16:47:50,t,h
24/04/18 16:47:52,t,h
24/04/18 16:47:56,t,h
24/04/18 16:47:58,t,t
24/04/18 16:48:02,t,h
24/04/18 16:48:06,t,h
24/04/18 16:48:08,t,h
24/04/18 16:48:13,t,t
24/04/18 16:48:16,t,t
24/04/18 16:48:20,t,h
24/04/18 16:48:23,t,h
24/04/18 16:48:25,t,t
24/04/18 16:48:30,t,t
24/04/18 16:48:32,t,t
24/04/18 16:48:35,t,t
24/04/18 16:48:39,t,h
24/04/18 16:48:43,t,t
24/04/18 16:48:46,t,t
24/04/18 16:48:48,t,h
24/04/18 16:48:53,t,h
24/04/18 16:48:56,t,h
24/04/18 16:48:59,t,h
24/04/18 16:49:05,t,t
24/04/18 16:49:07,t,h
24/04/18 16:49:10,t,h
24/04/18 16:49:14,t,h
24/04/18 16:49:17,t,h
24/04/18 16:49:19,t,h
24/04/18 16:49:22,t,h
24/04/18 16:49:25,t,h
24/04/18 16:49:31,t,h
24/04/18 16:49:33,t,t
24/04/18 16:49:39,t,h
24/04/18 16:49:42,t,t
24/04/18 16:49:45,t,t
24/04/18 16:49:48,t,h
24/04/18 16:49:52,t,t
24/04/18 16:49:56,t,t
24/04/18 16:49:58,t,h
24/04/18 16:50:02,t,t
24/04/18 16:50:06,t,t
24/04/18 16:50:09,t,h
24/04/18 16:50:13,t,t
24/04/18 16:50:15,t,t
24/04/18 16:50:18,t,h
24/04/18 16:50:21,t,t
24/04/18 16:50:23,t,h
24/04/18 16:50:28,t,h
24/04/18 16:50:31,t,h
24/04/18 16:50:34,t,h
24/04/18 16:50:41,t,h
24/04/18 16:50:46,t,h
24/04/18 16:50:53,t,t
24/04/18 16:51:01,t,h
24/04/18 16:51:04,t,h
24/04/18 16:51:04,t,h
24/04/18 16:51:05,t,h
24/04/18 16:51:06,t,h
24/04/18 16:51:08,t,h
24/04/18 16:51:22,t,h
24/04/18 16:51:27,t,h
24/04/18 16:51:30,t,t
24/04/18 16:51:33,t,h
24/04/18 16:51:36,t,h
24/04/18 16:51:39,t,h
24/04/18 16:51:41,t,t
24/04/18 16:51:47,t,h
24/04/18 16:51:50,t,t
24/04/18 16:51:53,t,t
24/04/18 16:51:55,t,t
24/04/18 16:52:13,t,h
24/04/18 16:52:18,t,t
24/04/18 16:52:21,t,h
24/04/18 16:52:24,t,h
24/04/18 16:52:33,t,h
24/04/18 16:52:38,t,t
24/04/18 16:52:43,t,t
24/04/18 16:52:50,t,t
24/04/18 16:52:53,t,h
24/04/18 16:53:01,t,h
24/04/18 16:53:08,t,h
24/04/18 16:53:10,t,t
24/04/18 16:53:13,t,t
24/04/18 16:53:16,t,t
24/04/18 16:53:19,t,t
24/04/18 16:53:22,t,h
24/04/18 16:53:26,t,t
24/04/18 16:53:28,t,t
24/04/18 16:53:30,t,h
24/04/18 16:53:34,t,h
24/04/18 16:53:36,t,h
24/04/18 16:53:39,t,t
24/04/18 16:53:42,t,t
24/04/18 16:53:44,t,t
24/04/18 16:53:47,t,t
24/04/18 16:53:50,t,t
24/04/18 16:53:52,t,h
24/04/18 16:53:57,t,t
24/04/18 16:54:03,t,h
24/04/18 16:54:05,t,h
24/04/18 16:54:08,t,t
24/04/18 16:54:11,t,h
24/04/18 16:54:15,t,t
24/04/18 16:54:18,t,h
24/04/18 16:54:20,t,h
24/04/18 16:54:26,t,h
24/04/18 16:54:32,t,h
24/04/18 16:54:41,t,h
24/04/18 16:54:44,t,h
24/04/18 16:54:47,t,h
24/04/18 16:54:50,t,h
24/04/18 16:54:53,t,t
24/04/18 16:54:55,t,t
24/04/18 16:54:58,t,h
24/04/18 16:55:01,t,t
24/04/18 16:55:04,t,h
24/04/18 16:55:09,t,h
24/04/18 16:55:11,t,h
24/04/18 16:55:14,t,h
24/04/18 16:55:16,t,t
24/04/18 16:55:19,t,h
24/04/18 16:55:24,t,t
24/04/18 16:55:27,t,t
24/04/18 16:55:30,t,h
24/04/18 16:55:36,t,t
24/04/18 16:55:39,t,h
24/04/18 16:55:42,t,h
24/04/18 16:55:45,t,t
24/04/18 16:55:48,t,h
24/04/18 16:55:55,t,h
24/04/18 16:56:01,t,h
24/04/18 16:56:05,t,t
24/04/18 16:56:08,t,h
24/04/18 16:56:11,t,h
24/04/18 16:56:13,t,h
24/04/18 16:56:16,t,h
24/04/18 16:56:22,t,h
24/04/18 16:56:27,t,t
24/04/18 16:56:30,t,h
24/04/18 16:56:34,t,h
24/04/18 16:56:37,t,h
24/04/18 16:56:40,t,t
24/04/18 16:56:42,t,t
24/04/18 16:56:46,t,t
24/04/18 16:56:48,t,h
24/04/18 16:56:51,t,t
24/04/18 16:56:53,t,h
24/04/18 16:56:58,t,t
24/04/18 16:57:02,t,h
24/04/18 16:57:05,t,t
24/04/18 16:57:11,t,h
24/04/18 16:57:15,t,h
24/04/18 16:57:18,t,t
24/04/18 16:57:23,t,t
24/04/18 16:57:27,t,t
24/04/18 16:57:29,t,h
24/04/18 16:57:32,t,t
24/04/18 16:57:38,t,h
24/04/18 16:57:41,t,t
24/04/18 16:57:43,t,t
24/04/18 16:57:47,t,h
24/04/18 16:57:49,t,t
24/04/18 16:57:52,t,h
24/04/18 16:57:54,t,t
24/04/18 16:58:00,t,h
24/04/18 16:58:03,t,h
24/04/18 16:58:05,t,h
24/04/18 16:58:09,t,t
24/04/18 16:58:11,t,t
24/04/18 16:58:13,t,t
24/04/18 16:58:16,t,t
24/04/18 16:58:18,t,t
24/04/18 16:58:21,t,t
24/04/18 17:00:55,t,t
24/04/18 17:00:59,t,h
24/04/18 17:01:06,t,h
24/04/18 17:01:10,t,t
24/04/18 17:01:12,t,t
24/04/18 17:01:14,t,t
24/04/18 17:01:17,t,t
24/04/18 17:01:21,t,t
24/04/18 17:01:23,t,t
24/04/18 17:01:26,t,h
24/04/18 17:01:28,t,t
24/04/18 17:01:31,t,h
24/04/18 17:01:34,t,t
24/04/18 17:01:39,t,h
24/04/18 17:01:43,t,h
24/04/18 17:01:48,t,h
24/04/18 17:01:50,t,t
24/04/18 17:01:53,t,h
24/04/18 17:01:56,t,h
24/04/18 17:01:59,t,h
24/04/18 17:02:01,t,t
24/04/18 17:02:04,t,t
24/04/18 17:02:06,t,t
24/04/18 17:02:09,t,t
24/04/18 17:02:12,t,t
24/04/18 17:02:14,t,h
24/04/18 17:02:19,t,h
24/04/18 17:02:22,t,t
24/04/18 17:02:25,t,h
24/04/18 17:02:28,t,t
24/04/18 17:02:30,t,t
24/04/18 17:02:33,t,t
24/04/18 17:02:36,t,h
24/04/18 17:02:38,t,t
24/04/18 17:02:41,t,t
24/04/18 17:02:43,t,t
24/04/18 17:02:46,t,t
24/04/18 17:02:49,t,t
24/04/18 17:02:51,t,t
24/04/18 17:02:54,t,h
24/04/18 17:02:57,t,t
24/04/18 17:03:03,t,h
24/04/18 17:03:05,t,t
24/04/18 17:03:10,t,h
24/04/18 17:03:12,t,t
24/04/18 17:03:15,t,t
24/04/18 17:03:18,t,h
24/04/18 17:03:20,t,t
24/04/18 17:03:24,t,t
24/04/18 17:03:59,t,h
24/04/18 17:04:03,t,t
24/04/18 17:04:06,t,t
24/04/18 17:04:11,t,t
24/04/18 17:04:14,t,t
24/04/18 17:04:17,t,h
24/04/18 17:04:20,t,h
24/04/18 17:04:25,t,h
24/04/18 17:04:28,t,t
24/04/18 17:04:35,t,t
24/04/18 17:04:47,t,t
24/04/18 17:07:00,t,e
24/04/18 17:07:35,t,t
24/04/18 17:07:40,t,t
24/04/18 17:07:47,t,h
24/04/18 17:07:50,t,t
24/04/18 17:07:55,t,t
24/04/18 17:07:57,t,t
24/04/18 17:08:01,t,h
24/04/18 17:08:05,t,h
24/04/18 17:08:08,t,h
24/04/18 17:08:11,t,h
24/04/18 17:08:16,t,h
24/04/18 17:08:21,t,h
24/04/18 17:08:28,t,h
24/04/18 17:08:31,t,t
24/04/18 17:08:36,t,h
24/04/18 17:08:40,t,t
24/04/18 17:08:42,t,t
24/04/18 17:08:46,t,t
24/04/18 17:08:51,t,t
24/04/18 17:08:53,t,h
24/04/18 17:08:59,t,h
24/04/18 17:09:04,t,h
24/04/18 17:09:08,t,t
24/04/18 17:09:11,t,h
24/04/18 17:09:14,t,t
24/04/18 17:09:17,t,t
24/04/18 17:09:20,t,h
24/04/18 17:09:31,t,h
24/04/18 17:09:34,t,t
24/04/18 17:09:38,t,h
24/04/18 17:09:41,t,h
24/04/18 17:09:44,t,t
24/04/18 17:09:48,t,h
24/04/18 17:09:52,t,t
24/04/18 17:09:55,t,t
24/04/18 17:09:58,t,t
24/04/18 17:10:02,t,h
24/04/18 17:10:05,t,t
24/04/18 17:10:08,t,t
24/04/18 17:10:09,t,t
24/04/18 17:10:12,t,h
24/04/18 17:10:15,t,t
24/04/18 17:10:18,t,h
24/04/18 17:10:21,t,h
24/04/18 17:10:24,t,t
24/04/18 17:10:30,t,t
24/04/18 17:10:34,t,t
24/04/18 17:10:39,t,h
24/04/18 17:10:42,t,t
24/04/18 17:10:45,t,t
24/04/18 17:10:47,t,t
24/04/18 17:10:50,t,h
24/04/18 17:10:53,t,t
24/04/18 17:10:55,t,h
24/04/18 17:11:00,t,h
24/04/18 17:11:03,t,h
24/04/18 17:11:05,t,t
24/04/18 17:11:08,t,t
24/04/18 17:11:10,t,t
24/04/18 17:11:14,t,t
24/04/18 17:11:16,t,t
24/04/18 17:11:19,t,h
24/04/18 17:11:22,t,h
24/04/18 17:11:25,t,h
24/04/18 17:11:30,t,h
24/04/18 17:11:33,t,h
24/04/18 17:11:35,t,h
24/04/18 17:11:38,t,h
24/04/18 17:11:41,t,h
24/04/18 17:12:43,t,e
24/04/18 17:13:22,t,h
24/04/18 17:13:26,t,t
24/04/18 17:13:29,t,h
24/04/18 17:13:32,t,h
24/04/18 17:13:35,t,h
24/04/18 17:13:38,t,h
24/04/18 17:13:41,t,t
24/04/18 17:13:43,t,h
24/04/18 17:13:46,t,t
24/04/18 17:13:49,t,h
24/04/18 17:13:52,t,t
24/04/18 17:13:54,t,h
24/04/18 17:13:58,t,h
24/04/18 17:14:01,t,h
24/04/18 17:14:05,t,t
24/04/18 17:14:08,t,h
24/04/18 17:14:13,t,t
24/04/18 17:14:15,t,h
24/04/18 17:14:19,t,h
24/04/18 17:14:21,t,t
24/04/18 17:14:24,t,h
24/04/18 17:14:28,t,t
24/04/18 17:14:30,t,t
24/04/18 17:14:33,t,t
24/04/18 17:14:36,t,t
24/04/18 17:14:39,t,t
24/04/18 17:14:41,t,h
24/04/18 17:14:44,t,h
24/04/18 17:14:47,t,t
24/04/18 17:14:49,t,h
24/04/18 17:14:53,t,t
24/04/18 17:14:56,t,t
24/04/18 17:14:58,t,h
24/04/18 17:15:01,t,t
24/04/18 17:15:04,t,h
24/04/18 17:15:06,t,t
24/04/18 17:15:10,t,t
24/04/18 17:15:15,t,h
24/04/18 17:15:17,t,t
24/04/18 17:15:20,t,h
24/04/18 17:15:27,t,h
24/04/18 17:15:31,t,h
24/04/18 17:15:34,t,h
24/04/18 17:15:37,t,h
24/04/18 17:15:41,t,t
24/04/18 17:15:44,t,t
24/04/18 17:15:49,t,t
24/04/18 17:15:52,t,t
24/04/18 17:15:55,t,t
24/04/18 17:15:58,t,t
24/04/18 17:16:00,t,h
24/04/18 17:16:06,t,h
24/04/18 17:16:09,t,t
24/04/18 17:16:12,t,h
24/04/18 17:16:14,t,t
24/04/18 17:16:17,t,t
24/04/18 17:16:20,t,t
24/04/18 17:16:23,t,h
24/04/18 17:16:25,t,h
24/04/18 17:16:28,t,t
24/04/18 17:16:31,t,h
24/04/18 17:16:34,t,h
24/04/18 17:16:36,t,t
24/04/18 17:16:41,t,t
24/04/18 17:16:43,t,t
24/04/18 17:16:46,t,t
24/04/18 17:16:49,t,t
24/04/18 17:16:52,t,t
24/04/18 17:16:55,t,h
24/04/18 17:17:00,t,t
24/04/18 17:17:03,t,t
24/04/18 17:17:05,t,t
24/04/18 17:17:08,t,h
24/04/18 17:17:10,t,t
24/04/18 17:17:13,t,h
24/04/18 17:17:16,t,t
24/04/18 17:17:19,t,t
24/04/18 17:17:23,t,h
24/04/18 17:17:26,t,h
24/04/18 17:17:32,t,t
24/04/18 17:17:35,t,t
24/04/18 17:17:39,t,t
24/04/18 17:17:42,t,t
24/04/18 17:17:45,t,t
24/04/18 17:17:48,t,h
24/04/18 17:17:54,t,h
24/04/18 17:18:00,t,t
24/04/18 17:18:01,t,t
24/04/18 17:18:04,t,t
24/04/18 17:18:06,t,t
24/04/18 17:18:09,t,h
24/04/18 17:18:12,t,t
24/04/18 17:18:14,t,t
24/04/18 17:18:17,t,t
24/04/18 17:18:19,t,t
24/04/18 17:18:22,t,t
24/04/18 17:18:25,t,h
24/04/18 17:18:28,t,h
24/04/18 17:18:30,t,t
24/04/18 17:18:33,t,t
24/04/18 17:18:35,t,t
24/04/18 17:18:38,t,h
24/04/18 17:18:40,t,t
24/04/18 17:18:43,t,t
24/04/18 17:18:45,t,t
24/04/18 17:18:48,t,h
24/04/18 17:18:51,t,t
24/04/18 17:18:53,t,t
24/04/18 17:18:56,t,t
24/04/18 17:18:59,t,h
24/04/18 17:19:01,t,t
24/04/18 17:19:05,t,h
24/04/18 17:19:07,t,t
24/04/18 17:19:13,t,h
24/04/18 17:19:19,t,h
24/04/18 17:19:23,t,h
24/04/18 17:19:27,t,h
24/04/18 17:19:37,t,t
24/04/18 17:19:41,t,h
24/04/18 17:19:44,t,h
24/04/18 17:19:47,t,h
24/04/18 17:19:51,t,t
24/04/18 17:19:54,t,h
24/04/18 17:19:57,t,h
24/04/18 17:20:02,t,h
24/04/18 17:20:07,t,h
24/04/18 17:20:09,t,h
24/04/18 17:20:12,t,t
24/04/18 17:20:14,t,t
24/04/18 17:20:16,t,t
24/04/18 17:20:19,t,t
24/04/18 17:20:24,t,t
24/04/18 17:20:27,t,h
24/04/18 17:20:32,t,h
24/04/18 17:20:35,t,h
24/04/18 17:20:38,t,h
24/04/18 17:20:41,t,h
24/04/18 17:20:43,t,h
24/04/18 17:20:46,t,h
24/04/18 17:20:49,t,h
24/04/18 17:20:51,t,t
24/04/18 17:20:54,t,t
24/04/18 17:20:56,t,t
24/04/18 17:20:59,t,t
24/04/18 17:21:02,t,t
24/04/18 17:21:05,t,h
24/04/18 17:21:08,t,h
24/04/18 17:21:13,t,h
24/04/18 17:21:16,t,h
24/04/18 17:21:19,t,h
24/04/18 17:21:23,t,t
24/04/18 17:21:25,t,t
24/04/18 17:21:28,t,t
24/04/18 17:21:30,t,h
24/04/18 17:21:33,t,t
24/04/18 17:21:36,t,h
24/04/18 17:21:40,t,t
24/04/18 17:21:42,t,t
24/04/18 17:21:46,t,t
24/04/18 17:21:48,t,h
24/04/18 17:21:51,t,h
24/04/18 17:21:54,t,t
24/04/18 17:21:56,t,h
24/04/18 17:22:00,t,t
24/04/18 17:22:03,t,h
24/04/18 17:22:05,t,t
24/04/18 17:22:08,t,h
24/04/18 17:22:11,t,t
24/04/18 17:22:14,t,t
24/04/18 17:22:17,t,t
24/04/18 17:22:19,t,h
24/04/18 17:22:24,t,t
24/04/18 17:22:28,t,h
24/04/18 17:22:30,t,h
24/04/18 17:22:33,t,t
24/04/18 17:22:36,t,t
24/04/18 17:22:38,t,t
24/04/18 17:22:41,t,h
24/04/18 17:22:44,t,h
24/04/18 17:22:47,t,h
24/04/18 17:22:50,t,h
24/04/18 17:22:53,t,t
24/04/18 17:22:56,t,t
24/04/18 17:22:59,t,t
24/04/18 17:23:02,t,h
24/04/18 17:23:05,t,t
24/04/18 17:23:08,t,h
24/04/18 17:23:14,t,h
24/04/18 17:23:17,t,t
24/04/18 17:23:19,t,t
24/04/18 17:23:22,t,h
24/04/18 17:23:25,t,h
24/04/18 17:23:29,t,h
24/04/18 17:23:31,t,h
24/04/18 17:23:34,t,h
24/04/18 17:23:40,t,t
24/04/18 17:23:43,t,t
24/04/18 17:23:49,t,h
24/04/18 17:23:51,t,h
24/04/18 17:23:55,t,h
24/04/18 17:23:58,t,h
24/04/18 17:24:00,t,h
24/04/18 17:25:58,t,h
24/04/18 17:26:03,t,t
24/04/18 17:26:07,t,h
24/04/18 17:26:10,t,h
24/04/18 17:26:16,t,h
24/04/18 17:26:19,t,t
24/04/18 17:26:22,t,t
24/04/18 17:26:25,t,h
24/04/18 17:26:29,t,t
24/04/18 17:26:32,t,t
24/04/18 17:26:35,t,h
24/04/18 17:26:39,t,h
24/04/18 17:26:43,t,h
24/04/18 17:26:48,t,t
24/04/18 17:26:50,t,h
24/04/18 17:26:56,t,h
24/04/18 17:27:00,t,t
24/04/18 17:27:03,t,h
24/04/18 17:27:05,t,h
24/04/18 17:27:08,t,t
24/04/18 17:27:11,t,t
24/04/18 17:27:13,t,h
24/04/18 17:27:18,t,t
24/04/18 17:27:21,t,h
24/04/18 17:27:24,t,h
24/04/18 17:27:27,t,h
24/04/18 17:27:30,t,t
24/04/18 17:27:33,t,t
24/04/18 17:27:36,t,t
24/04/18 17:27:40,t,h
24/04/18 17:27:42,t,t
24/04/18 17:27:44,t,t
24/04/18 17:27:50,t,h
24/04/18 17:27:55,t,h
24/04/18 17:27:59,t,h
24/04/18 17:28:02,t,h
24/04/18 17:28:05,t,h
24/04/18 17:28:09,t,h
24/04/18 17:28:12,t,h
24/04/18 17:28:15,t,t
24/04/18 17:28:18,t,h
24/04/18 17:28:21,t,t
24/04/18 17:28:25,t,h
24/04/18 17:28:29,t,t
24/04/18 17:28:31,t,t
24/04/18 17:28:34,t,h
24/04/18 17:28:37,t,h
24/04/18 17:28:42,t,t
24/04/18 17:28:45,t,h
24/04/18 17:28:48,t,h
24/04/18 17:28:51,t,h
24/04/18 17:28:53,t,t
24/04/18 17:28:56,t,h
24/04/18 17:28:59,t,h
24/04/18 17:29:04,t,t
24/04/18 17:29:07,t,t
24/04/18 17:29:10,t,t
24/04/18 17:29:13,t,h
24/04/18 17:29:15,t,t
24/04/18 17:29:18,t,t
24/04/18 17:29:21,t,h
24/04/18 17:29:24,t,h
24/04/18 17:29:27,t,h
24/04/18 17:29:29,t,t
24/04/18 17:29:32,t,h
24/04/18 17:29:35,t,h
24/04/18 17:29:37,t,h
24/04/18 17:29:40,t,h
24/04/18 17:29:43,t,h
24/04/18 17:29:46,t,h
24/04/18 17:29:48,t,h
24/04/18 17:29:53,t,h
24/04/18 17:29:55,t,t
24/04/18 17:29:59,t,h
24/04/18 17:30:02,t,t
24/04/18 17:30:04,t,h
24/04/18 17:30:07,t,h
24/04/18 17:30:10,t,t
24/04/18 17:30:13,t,h
24/04/18 17:30:16,t,h
24/04/18 17:30:24,t,h
24/04/18 17:30:29,t,h
24/04/18 17:30:32,t,h
24/04/18 17:30:36,t,t
24/04/18 17:30:38,t,t
24/04/18 17:30:42,t,t
24/04/18 17:30:44,t,h
24/04/18 17:30:47,t,h
24/04/18 17:30:50,t,t
24/04/18 17:30:53,t,h
24/04/18 17:30:56,t,h
24/04/18 17:31:06,t,h
24/04/18 17:31:08,t,h
24/04/18 17:31:11,t,t
24/04/18 17:31:17,t,h
24/04/18 17:31:24,t,t
24/04/18 17:31:31,t,h
24/04/18 17:31:34,t,h
24/04/18 17:31:37,t,t
24/04/18 17:31:39,t,t
24/04/18 17:31:42,t,h
24/04/18 17:31:47,t,t
24/04/18 17:31:50,t,h
24/04/18 17:31:52,t,h
24/04/18 17:31:56,t,t
24/04/18 17:31:58,t,h
24/04/18 17:32:01,t,t
24/04/18 17:32:07,t,t
24/04/18 17:32:10,t,h
24/04/18 17:32:18,t,t
24/04/18 17:32:21,t,t
24/04/18 17:32:23,t,h
24/04/18 17:32:26,t,t
24/04/18 17:32:29,t,h
24/04/18 17:32:32,t,h
24/04/18 17:32:35,t,t
24/04/18 17:32:37,t,t
24/04/18 17:32:39,t,h
24/04/18 17:32:42,t,h
24/04/18 17:32:45,t,h
24/04/18 17:32:50,t,h
24/04/18 17:32:56,t,h
24/04/18 17:32:59,t,t
24/04/18 17:33:02,t,t
24/04/18 17:33:04,t,h
24/04/18 17:33:08,t,h
24/04/18 17:33:10,t,t
24/04/18 17:33:12,t,t
24/04/18 17:33:15,t,h
24/04/18 17:33:18,t,h
24/04/18 17:33:20,t,t
24/04/18 17:33:23,t,h
24/04/18 17:33:26,t,h
24/04/18 17:33:28,t,h
24/04/18 17:33:32,t,h
24/04/18 17:33:37,t,h
24/04/18 17:33:40,t,t
24/04/18 17:33:42,t,t
24/04/18 17:33:44,t,t
24/04/18 17:33:48,t,t
24/04/18 17:33:50,t,h
24/04/18 17:33:53,t,t
24/04/18 17:33:55,t,t
24/04/18 17:33:59,t,t
24/04/18 17:34:02,t,t
24/04/18 17:34:05,t,t
24/04/18 17:34:08,t,t
24/04/18 17:34:13,t,h
24/04/18 17:34:16,t,t
24/04/18 17:34:21,t,t
24/04/18 17:34:24,t,t
24/04/18 17:34:27,t,h
24/04/18 17:34:29,t,h
24/04/18 17:34:36,t,h
24/04/18 17:34:39,t,h
24/04/18 17:34:43,t,h
24/04/18 17:34:46,t,t
24/04/18 17:34:49,t,t
24/04/18 17:34:52,t,h
24/04/18 17:34:57,t,t
24/04/18 17:35:00,t,t
24/04/18 17:35:02,t,h
24/04/18 17:35:06,t,h
24/04/18 17:35:08,t,t
24/04/18 17:35:11,t,h
24/04/18 17:35:13,t,t
24/04/18 17:35:16,t,h
24/04/18 17:35:19,t,h
24/04/18 17:35:21,t,h
24/04/18 17:35:25,t,h
24/04/18 17:35:27,t,h
24/04/18 17:35:32,t,h
24/04/18 17:35:34,t,t
24/04/18 17:35:36,t,t
24/04/18 17:35:39,t,t
24/04/18 17:35:42,t,t
24/04/18 17:35:46,t,t
24/04/18 17:35:48,t,h
24/04/18 17:35:54,t,h
24/04/18 17:35:59,t,h
24/04/18 17:36:01,t,t
24/04/18 17:36:04,t,h
24/04/18 17:36:07,t,t
24/04/18 17:36:10,t,h
24/04/18 17:37:30,t,h
24/04/18 17:37:37,t,t
24/04/18 17:37:39,t,t
24/04/18 17:37:42,t,h
24/04/18 17:37:44,t,h
24/04/18 17:37:48,t,t
24/04/18 17:37:49,t,h
24/04/18 17:37:52,t,t
24/04/18 17:37:55,t,t
24/04/18 17:37:57,t,t
24/04/18 17:38:00,t,h
24/04/18 17:38:03,t,t
24/04/18 17:38:05,t,t
24/04/18 17:38:08,t,t
24/04/18 17:38:10,t,t
24/04/18 17:38:14,t,t
24/04/18 17:38:17,t,h
24/04/18 17:38:19,t,t
24/04/18 17:38:21,t,h
24/04/18 17:38:24,t,h
24/04/18 17:38:27,t,h
24/04/18 17:38:30,t,h
24/04/18 17:38:33,t,t
24/04/18 17:38:35,t,t
24/04/18 17:38:38,t,h
24/04/18 17:38:41,t,t
24/04/18 17:38:45,t,t
24/04/18 17:38:48,t,h
24/04/18 17:38:50,t,h
24/04/18 17:38:53,t,h
24/04/18 17:38:56,t,h
24/04/18 17:38:59,t,h
24/04/18 17:39:01,t,t
24/04/18 17:39:04,t,h
24/04/18 17:39:06,t,t
24/04/18 17:39:09,t,h
24/04/18 17:39:11,t,t
24/04/18 17:39:14,t,h
24/04/18 17:39:17,t,h
24/04/18 17:39:20,t,t
24/04/18 17:39:22,t,t
24/04/18 17:39:25,t,h
24/04/18 17:39:28,t,h
24/04/18 17:39:30,t,t
24/04/18 17:39:33,t,h
24/04/18 17:39:36,t,t
24/04/18 17:39:40,t,t
24/04/18 17:39:43,t,t
24/04/18 17:39:46,t,h
24/04/18 17:39:49,t,h
24/04/18 17:39:52,t,t
24/04/18 17:39:54,t,t
24/04/18 17:39:57,t,h
24/04/18 17:39:59,t,t
24/04/18 17:40:02,t,h
24/04/18 17:40:05,t,h
24/04/18 17:40:07,t,h
24/04/18 17:40:12,t,t
24/04/18 17:40:15,t,t
24/04/18 17:40:18,t,t
24/04/18 17:40:20,t,h
24/04/18 17:40:23,t,t
24/04/18 17:40:26,t,t
24/04/18 17:40:28,t,h
24/04/18 17:40:31,t,h
24/04/18 17:40:33,t,h
24/04/18 17:40:37,t,t
24/04/18 17:40:44,t,h
24/04/18 17:40:47,t,h
24/04/18 17:40:50,t,t
24/04/18 17:40:52,t,t
24/04/18 17:40:54,t,t
24/04/18 17:40:57,t,h
24/04/18 17:41:00,t,t
24/04/18 17:41:03,t,t
24/04/18 17:41:06,t,h
24/04/18 17:41:08,t,h
24/04/18 17:41:11,t,t
24/04/18 17:41:14,t,t
24/04/18 17:41:16,t,h
24/04/18 17:41:20,t,h
24/04/18 17:41:23,t,t
24/04/18 17:41:26,t,t
24/04/18 17:41:28,t,t
24/04/18 17:41:31,t,h
24/04/18 17:41:33,t,t
24/04/18 17:41:36,t,t
24/04/18 17:41:38,t,h
24/04/18 17:41:41,t,t
24/04/18 17:41:44,t,t
24/04/18 17:41:47,t,h
24/04/18 17:41:50,t,h
24/04/18 17:41:53,t,h
24/04/18 17:41:56,t,t
24/04/18 17:41:58,t,h
24/04/18 17:42:01,t,h
24/04/18 17:42:04,t,t
24/04/18 17:42:06,t,t
24/04/18 17:42:09,t,h
24/04/18 17:42:11,t,t
24/04/18 17:42:14,t,t
24/04/18 17:42:17,t,t
24/04/18 17:42:19,t,h
24/04/18 17:42:22,t,t
24/04/18 17:42:26,t,h
24/04/18 17:42:28,t,h
24/04/18 17:42:31,t,t
24/04/18 17:42:33,t,h
24/04/18 17:42:37,t,h
24/04/18 17:42:40,t,h
24/04/18 17:42:43,t,t
24/04/18 17:42:45,t,h
24/04/18 17:42:48,t,t
24/04/18 17:42:50,t,t
24/04/18 17:42:53,t,t
24/04/18 17:42:55,t,t
24/04/18 17:42:58,t,h
24/04/18 17:43:00,t,h
24/04/18 17:43:03,t,t
24/04/18 17:43:05,t,t
24/04/18 17:43:08,t,t
24/04/18 17:43:11,t,h
24/04/18 17:43:14,t,h
24/04/18 17:43:16,t,t
24/04/18 17:43:19,t,t
24/04/18 17:43:22,t,t
24/04/18 17:43:25,t,h
24/04/18 17:43:28,t,t
24/04/18 17:43:31,t,t
24/04/18 17:43:35,t,h
24/04/18 17:43:38,t,t
24/04/18 17:43:41,t,t
24/04/18 17:43:44,t,t
24/04/18 17:43:46,t,t
24/04/18 17:43:49,t,h
24/04/18 17:43:52,t,t
24/04/18 17:43:54,t,t
24/04/18 17:43:57,t,t
24/04/18 17:44:02,t,t
24/04/18 17:44:05,t,h
24/04/18 17:44:11,t,h
24/04/18 17:44:15,t,t
24/04/18 17:44:19,t,t
24/04/18 17:44:22,t,t
24/04/18 17:44:25,t,h
24/04/18 17:44:29,t,h
24/04/18 17:44:32,t,h
24/04/18 17:44:36,t,t
24/04/18 17:44:43,t,h
24/04/18 17:44:47,t,t